title,link,content_excerpt,gemini_classification,gemini_reason,gemini_confidence
2025 KBO 정규시즌 경기 일정,https://gall.dcinside.com/board/view/?id=baseball_new11&no=16024898&page=1,내용 없음...,일반글,직접적인 욕설 없음,1.00
이재명 대통령 각이라고 느끼고 계엄때 바로 야방켰잖아,https://gall.dcinside.com/board/view/?id=baseball_new11&no=18438510&page=1,스트리머 이재명......,일반글,직접적인 욕설 없음,1.00
이대남은 왜 아직도 성별갈라치기 선동 당하는거임?,https://gall.dcinside.com/board/view/?id=baseball_new11&no=18438509&page=1,결국 실현 불가능한 표몰이 공약인거 윤석열이 증명한거 아니냐 여성부 폐지 안하고 통수 쳤잖아......,일반글,직접적인 욕설 없음,1.00
지금 좆된건 이준석이 아니라 국민의힘이라니깐...,https://gall.dcinside.com/board/view/?id=baseball_new11&no=18438508&page=1,"이를테면 이준석은 일종의 ""옥새""같은거임 2030을 들고있는 옥새. 이준석이 당대표 시절: 대선,지선,보궐,총선 다 이김 윤석열 대통령 만들때도 지금 데이터보면 결국 이준석이 만든거임 그리고 이준석 쫓아낸 후 김기현, 한동훈이 보궐,총선 다 쳐발리고 민주당에 190석 내준것도, 오늘 대선에서 쳐발린것도, 결국 딱 이준석 파이만큼 모자라서 지는거임 이준석이 ...",욕설 사용,직접적인 욕설 포함됨,0.99
딸피들 웃긴게 이재명 몰표준 이대녀한테는 아무소리안함,https://gall.dcinside.com/board/view/?id=baseball_new11&no=18438507&page=1,계속 이대남 탓하고 앞으로도 그렇게 계속 이대남한테 표 받지마라 ㅋㅋㅋㅋㅋ......,일반글,직접적인 욕설 없음,1.00
그러게 누가 이준석 쫓아내래? ㅋㅋㅋㅋㅋㅋ,https://gall.dcinside.com/board/view/?id=baseball_new11&no=18438506&page=1,병신들 쫓아낼땐 언제고 ㅋㅋㅋㅋㅋㅋ 대재명 드가자 ㅋㅋㅋㅋㅋㅋㅋㅋㅋ......,욕설 사용,직접적인 욕설 포함됨,0.99
국힘 이재명 이준석 WWE 한거 모르는 페미 없제?,https://gall.dcinside.com/board/view/?id=baseball_new11&no=18438505&page=1,ㅋㅋ......,일반글,직접적인 욕설 없음,1.00
진짜 쌍도 통구이새끼들 통수는 알아줘야됨.,https://gall.dcinside.com/board/view/?id=baseball_new11&no=18438504&page=1,"고구려가 아무리 고압적이긴 했어도 백제 신라와 관계 유지를 하려고 했었고, 당나라와 대치중인 상황에서 백제는 고구려에게 협력을 (전라도 의리) 는 상당한듯 ㄹㅇ 신라는 협조하는 척 하면서 당나라와 협공을 쳐서 고구려 내전도 문제지만 앞뒤로 공격 받아서 무너졌고, 곧바로 신라는 당에게 협조후 백제까지 멸망시킴. 경상도 강원도 라인 << 역대급 통수꾼새끼들 시...",욕설 사용,직접적인 욕설 포함됨,0.99
서울시장이 중국인이돼도 틀문수는 안찍어요,https://gall.dcinside.com/board/view/?id=baseball_new11&no=18438503&page=1,그쯤되면 망할나라 망하는거지 왜 틀딱을 찍어요 그냥 망하는게낫지......,일반글,직접적인 욕설 없음,1.00
실시간 ㅈ됨,https://gall.dcinside.com/board/view/?id=baseball_new11&no=18438502&page=1,- dc official App......,욕설 사용,직접적인 욕설 포함됨,0.99
이재명이 왜 싫은건데 서민들을 위해서 일잘할 사람이 이재명뿐이잖아,https://gall.dcinside.com/board/view/?id=baseball_new11&no=18438501&page=1,가난한 새끼들이 이재명을 거부하는거부터 병신들임 부자새끼들은 지들 이득을 위해서 하는거 이해한다 근데 병신들이 돈없는 새끼들이 이재명을 거부함......,욕설 사용,직접적인 욕설 포함됨,0.95
팩트) 틀힘갤 24시간중 23시간은 이대남 쳐내라 소리만 함,https://gall.dcinside.com/board/view/?id=baseball_new11&no=18438499&page=1,그래놓고 이제와서 표 내놓으라고 난리 ㅋㅋ......,일반글,직접적인 욕설 없음,1.00
쫄아서 2찍한애들이 이렇게 많네,https://gall.dcinside.com/board/view/?id=baseball_new11&no=18438498&page=1,두창이한테 버림받고도 2찍하고싶냐 ㄹㅇ 한번은 4찍했어야지 난이제 다음 선거때는 국힘하는거보고 2찍돌아간다......,일반글,직접적인 욕설 없음,0.95
강남3구 + 용산 + 동작 + 강동 김문수 승,https://gall.dcinside.com/board/view/?id=baseball_new11&no=18438497&page=1,아파트 공화국이라 집값이 제일 중요해......,일반글,직접적인 욕설 없음,1.00
준스기 = 잼파파 역린 건드려서 걍 좆됨 ㅋㅋㅋㅋ,https://gall.dcinside.com/board/view/?id=baseball_new11&no=18438496&page=1,잘가라 준슥아 ㅋㅋㅋㅋ......,욕설 사용,직접적인 욕설 포함됨,0.95
이대남이 2찍하는걸 왜 이해를 못하지?,https://gall.dcinside.com/board/view/?id=baseball_new11&no=18438495&page=1,20대 초중후반 갓전역하거나 현역인 사람이 대부분인건데 다른걸 다떠나서 가장 안보의식이 높은 세대 아닌가?ㅋㅋㅋㅋ 나라 근간이 중국한테 넘어가게 생긴 정황들이 너무 보이니까 그렇지 ㅋㅋㅋㅋㅋㅋㅋ 그럴거면 씨발 예비군도 부르지말고 군대갖고 뭐라하지도 마라 씨발 ㅋㅋㅋ 우리형 예비군 존나 자주가던데 그렇게 만들어진 가치관이 경제 사회 문화 여러방면으로 이어지는...,욕설 사용,직접적인 욕설 포함됨 ('씨발' 등),0.99
개좆밥 드라마 ㅋㅋㅋㅋㅋㅋ,https://gall.dcinside.com/board/view/?id=baseball_new11&no=18438494&page=1,목숨을 ㅋㅋㅋㅋ 건 게임 ㅋㅋㅋㅋㅋㅋ......,일반글,직접적인 욕설 없음,1.00
재앙이 퇴임전에 알박기한게 190석 하는데 일조했거든??,https://gall.dcinside.com/board/view/?id=baseball_new11&no=18438493&page=1,근데 지금은 심지어 재매이햄이 당선됨 이제 사실상 개조센도 1당체제 들어섯다는 신호탄임 옆에 좆본도 사실상 1당이지 않냐?? 근데 거긴 내각제고 영국과는 또 다르게 애초에 아직도 황실이 살아있는 왕정국가지뭐 저긴 근본이 걍 1당이고 개조센은 주작이든 뭐든 국민들손으로 1당을 만든거나 다름없음 국민에게 부여한 참정권으로 선출된 당위성은 파급력이 다름 - dc...,분석 최종 실패,최대 재시도 도달,0.00
이준석없었으면 이재명 50 뚫었어 ㅂㅅ들아,https://gall.dcinside.com/board/view/?id=baseball_new11&no=18438492&page=1,24년 총선 지금 대선 이대남은 원래 민주당도 많이 찍었는데 재매이 표를 문수 표보다 훨씬 더 뺏어옴 준스기가 단일화선언? 재매이한테 갔을 표도 많았을거임 그럼 과반수도 당연히 뚫리고 국힘은 할말도 더 없어졌다 ㅂㅅ들아......,욕설 사용,직접적인 욕설 포함됨,0.99
이재명 응원합니노,https://gall.dcinside.com/board/view/?id=baseball_new11&no=18438491&page=1,이분까지 말아드시면 나라진짜 쳐망해서 강제로 응원하게 되노......,일반글,직접적인 욕설 없음,1.00
틀딱세끼들 언제까지 이대남타령함?,https://gall.dcinside.com/board/view/?id=baseball_new11&no=18438490&page=1,븅신년들이 즈그들마냥 국힘이면 다뽑아주는줄아네 단일화도못해 계엄처해서 탄핵이나처당하는데 그래도 이대남탓이냐 틀딱년들아ㅋㅋㅋㅋ - dc official App......,욕설 사용,"직접적인 욕설 포함됨 ('세끼', '븅신년', '틀딱년' 등)",0.99
이대남 조롱을 언제함,https://gall.dcinside.com/board/view/?id=baseball_new11&no=18438489&page=1,2030 버렸다고 피해의식 가지고 8% 똥처박은 거면서 뭔......,욕설 사용,직접적인 욕설 포함됨,0.95
한녀들은 ㅂㅈ찢기고 요도쑤시는거 좋아하나보네,https://gall.dcinside.com/board/view/?id=baseball_new11&no=18438488&page=1,내용 없음...,욕설 사용,제목에 직접적인 욕설 포함됨 ('ㅂㅈ' 등),0.99
이재명 < 트럼프가 억제해주기를 바래야함,https://gall.dcinside.com/board/view/?id=baseball_new11&no=18438487&page=1,하고싶은거 다하면 ㄹㅇ 나라절단남......,일반글,직접적인 욕설 없음,1.00
아이유 팬층 이 정도로 존나 다양함?,https://gall.dcinside.com/board/view/?id=baseball_new11&no=18438486&page=1,- dc official App......,욕설 사용,직접적인 욕설 포함됨,0.99
챙겨주지마 병신아~ 니들이 찡찡대길래 한소린데,https://gall.dcinside.com/board/view/?id=baseball_new11&no=18438485&page=1,지들이 먼저 왜 안뽑아주냐고 찡찡찡찡 거리길래 한소린데 그럼 계엄하고 김문수가 대표인당을 능력으로 뽑으라는거였냐?......,욕설 사용,직접적인 욕설 포함됨,0.99
미리보는 이재명정부 인사ㄹㅇ...jpg,https://gall.dcinside.com/board/view/?id=baseball_new11&no=18438484&page=1,한남충들 뒤져ㅋㅋㅋ......,욕설 사용,직접적인 욕설 포함됨,0.99
서울의 보수화 = 재앙신덕분 ㅋㅋㅋㅋㅋㅋㅋㅋㅋㅋ,https://gall.dcinside.com/board/view/?id=baseball_new11&no=18438483&page=1,돈없는사람들은 싹 경기도로 쫓아냄 ㅋㅋㅋ......,일반글,직접적인 욕설 없음,1.00
이준석은 진짜 ㅈ됐네,https://gall.dcinside.com/board/view/?id=baseball_new11&no=18438482&page=1,이재명 역린 제대로 건드렸는데 살아남을 수 있음???......,욕설 사용,직접적인 욕설 포함됨,0.95
엄마가 이준석은 너무 애같다고 안뽑음,https://gall.dcinside.com/board/view/?id=baseball_new11&no=18438481&page=1,솔직히 모르겠네 뭐 대통령은 노인들이 해야한다는 편견같은거있나......,일반글,직접적인 욕설 없음,1.00
이대남 << 현시각 최대 피해자면 개추 ㅋㅋㅋㅋ,https://gall.dcinside.com/board/view/?id=baseball_new11&no=18438480&page=1,와 4050 씹 틀니들 진짜 여성호르몬 ㅈ되네 죄다 파란색이노......,욕설 사용,"직접적인 욕설 포함됨 ('씹', 'ㅈ' 사용)",0.95
난 2찍이 진짜 사표같은데?,https://gall.dcinside.com/board/view/?id=baseball_new11&no=18438479&page=1,국힘 병신 새끼들 40퍼는 나온거보고 정신 못차릴듯 ㅋㅋㅋㅋㅋㅋㅋ......,욕설 사용,직접적인 욕설 포함됨,0.95
경상도보수가 결집한게 아니고 서울보수가 결집한거네 ㅋㅋ,https://gall.dcinside.com/board/view/?id=baseball_new11&no=18438478&page=1,대구경북=5퍼가량 이탈 부울경=10퍼가량 이탈 경상도는 오히려 보수이탈됨 수도권 경기인천 -13퍼차 완패인데 서울 4퍼차 <<<<<서울보수층이 결집한거......,일반글,직접적인 욕설 없음,1.00
지금 좆된건 이준석이 아니라 국민의힘이라니깐...,https://gall.dcinside.com/board/view/?id=baseball_new11&no=18438476&page=1,"이를테면 이준석은 일종의 ""옥새""같은거임 2030을 들고있는 옥새. 이준석이 당대표 시절: 대선,지선,보궐,총선 다 이김 윤석열 대통령 만들때도 지금 데이터보면 결국 이준석이 만든거임 그리고 이준석 쫓아낸 후 김기현, 한동훈이 보궐,총선 다 쳐발리고 민주당에 190석 내준것도, 오늘 대선에서 쳐발린것도, 결국 딱 이준석 파이만큼 모자라서 지는거임 이준석이 ...",욕설 사용,직접적인 욕설 포함됨,0.99
와 이대녀 1찍 58% 뭐냐?,https://gall.dcinside.com/board/view/?id=baseball_new11&no=18438475&page=1,진짜 찢어버리고 싶네 와......,일반글,직접적인 욕설 없음,0.95
국힘은 대체 무슨 정치를 하고싶은거임?,https://gall.dcinside.com/board/view/?id=baseball_new11&no=18438474&page=1,돈 나올곳은 세금밖에 없는 나라에서 부자감세로 인해 기업들 사내유보금만 증가 일자리창출하라니까 외국만가면 외국에 공장짓는다고 약속함 국내 일자리 창출 없음 공공인프라는 적자를 감수해야하는데 부자감세로 적자감수할 돈 없으니까 그냥 가스요금 전기요금 올려버림 아파트 관리비 폭등으로 민심 작살남 부동산 하락세였는데 등촌주공살린다고 대출 풀어서 집값 도미노 상승 ...,일반글,직접적인 욕설 없음,1.00
용산 쓰겠냐?ㅋㅋㅋㅋㅋ 백퍼 청와대로감,https://gall.dcinside.com/board/view/?id=baseball_new11&no=18438473&page=1,방빼~~~~~~......,일반글,직접적인 욕설 없음,1.00
솔직히 나는 이재명 응원하고 싶음,https://gall.dcinside.com/board/view/?id=baseball_new11&no=18438472&page=1,얘까지 연달아 못하면 대한민국 걍 좆망임 일단 뽑혔으니 잘하기를 응원함......,욕설 사용,직접적인 욕설 포함됨,0.99
이재명이나 김문수나 똑같은 놈들인데,https://gall.dcinside.com/board/view/?id=baseball_new11&no=18438471&page=1,이재명 뽑으면 나라망한다느니 존나 호들갑떨더라 2찍새끼들ㅋㅋ 김문수 뽑혀봤자 제2의 윤석열됐을듯 ㄹㅇ......,욕설 사용,직접적인 욕설 포함됨,0.95
이대남 극우화 된게 ㅋㅋㅋㅋㅋㅋ,https://gall.dcinside.com/board/view/?id=baseball_new11&no=18438470&page=1,여혐 반중 온라인 게임세대 이게 큼 - dc official App......,일반글,직접적인 욕설 없음,1.00
김건희 가니까 김혜경 왔노ㅋㅋㅋㅋ,https://gall.dcinside.com/board/view/?id=baseball_new11&no=18438469&page=1,어서오고ㅋㅋ - dc official App......,일반글,직접적인 욕설 없음,1.00
이준석 정치생명끝 vs 2찍남 리얼생명끝,https://gall.dcinside.com/board/view/?id=baseball_new11&no=18438468&page=1,뭐가 더빠름?......,일반글,직접적인 욕설 없음,1.00
그럼 이제 이재명 미국 갈수있나요? ㅎㅎ,https://gall.dcinside.com/board/view/?id=baseball_new11&no=18438467&page=1,대북송금 혐의로 미국가면 체?포 된다던데 이제 대통령이니까 맘대로 갈 수 있죠 우헤헤... - dc official App......,일반글,직접적인 욕설 없음,1.00
와 ㅅㅂ 정국11일에 전역이네,https://gall.dcinside.com/board/view/?id=baseball_new11&no=18438466&page=1,나 뭐했지 ㅅㅂ......,욕설 사용,직접적인 욕설 포함됨,0.99
이재명 <<< 진짜 잘할거라는 생각하는사람 있음?,https://gall.dcinside.com/board/view/?id=baseball_new11&no=18438465&page=1,그냥 순수 능력치도 문수햄한테 딸리던데 유튜브에 떠도는 계곡상인들이랑 싸우는영상 원툴임 그냥......,일반글,직접적인 욕설 없음,1.00
재명이햄은 시원하게 야동같은건 불법풀어줄듯,https://gall.dcinside.com/board/view/?id=baseball_new11&no=18438464&page=1,시원시원헐듯......,일반글,직접적인 욕설 없음,1.00
그래도 80년생들이 민주당 찍는덴 이유가 있다,https://gall.dcinside.com/board/view/?id=baseball_new11&no=18438463&page=1,민주당에서 지금 니네들이 받는 특혜 많이 해줌 특히 군대에서 니네 문재인 아니었음 어휴 그런거 보고 뽑는거다 내가 직접 특혜 못받아도 나아진 세상보려고......,일반글,직접적인 욕설 없음,1.00
한줌단이라면서 왜 한줌탓하는거임,https://gall.dcinside.com/board/view/?id=baseball_new11&no=18438462&page=1,웃기네 ㅋㅋ......,일반글,직접적인 욕설 없음,1.00
1년에 10만명씩 뒤져나가는 틀구이들이 잘못이지,https://gall.dcinside.com/board/view/?id=baseball_new11&no=18438461&page=1,이대남이 좆빠지게 우파 투표하면 뭐하노 느그들이 10만개씩 표 들고 날라버리는데......,욕설 사용,직접적인 욕설 '좆' 사용됨,0.95
여성+전라도+조선족 독점의 민주당 ㄷㄷ,https://gall.dcinside.com/board/view/?id=baseball_new11&no=18438460&page=2,그냥 대한민국 멸망할때까지 집권할듯 ㅋㅋ 일본 자민당 처럼 갈려나......,일반글,직접적인 욕설 없음,1.00
솔직히 민주당 이재명 말고 단 사람 나왔으면 과반 먹었다,https://gall.dcinside.com/board/view/?id=baseball_new11&no=18438459&page=2,이건 확실함......,일반글,직접적인 욕설 없음,1.00
이준석 표는 김문수한테 다 가지 않지만,https://gall.dcinside.com/board/view/?id=baseball_new11&no=18438458&page=2,권영국 표는 다 이재명한테 감......,분석 최종 실패,최대 재시도 도달,0.00
존나 개웃기네 딸피새끼들은 레파토리가 항상 똑같노,https://gall.dcinside.com/board/view/?id=baseball_new11&no=18438457&page=2,매번 이대남 조롱하고 욕하다 필요하면 갖다 쓰고 버리기 일쑤였으면서 이번에도 마찬가지 심지어 그 이대남 표도 꽤 받아처먹음 그런데도 불구하고 또 이대남탓함 ㅋㅋㅋㅋ 니들이 보빨만 안했어도 이대남 표 더 먹었겠다 우파페미 ㅇㅈㄹ왜했노?? ㅋㅋㅋ 스윗한 여성정책 내놓고 이대남 표 내놔라 ㅇㅈㄹ 왜함? 당장 느그 스울스윗시장님 2030한남 표 받아먹고 뭐 했는지...,욕설 사용,직접적인 욕설 포함됨,0.99
지금 좆된건 이준석이 아니라 국민의힘이라니깐...,https://gall.dcinside.com/board/view/?id=baseball_new11&no=18438456&page=2,"이를테면 이준석은 일종의 ""옥새""같은거임 2030을 들고있는 옥새. 이준석이 당대표 시절: 대선,지선,보궐,총선 다 이김 윤석열 대통령 만들때도 지금 데이터보면 결국 이준석이 만든거임 그리고 이준석 쫓아낸 후 김기현, 한동훈이 보궐,총선 다 쳐발리고 민주당에 190석 내준것도, 오늘 대선에서 쳐발린것도, 결국 딱 이준석 파이만큼 모자라서 지는거임 이준석이 ...",욕설 사용,직접적인 욕설 포함됨,0.99
틀구이들 부들대는 거 왜 이렇게 웃김 ㅋㅋㅋㅋㅋㅋㅋㅋㅋㅋㅋㅋㅋㅋㅋㅋㅋㅋㅋ,https://gall.dcinside.com/board/view/?id=baseball_new11&no=18438455&page=2,두창이 햄이 부정선거라도 준비해 놨을 줄 알았노......,일반글,직접적인 욕설 없음,1.00
8퍼차라 이준석 단일화 딸딸이도 못치네,https://gall.dcinside.com/board/view/?id=baseball_new11&no=18438454&page=2,그냥 내년 지방선거 앞두고 상대후보 네거티브에 써먹으려고 국힘 복당 회유나 하겠지......,일반글,직접적인 욕설 없음,0.95
상납견들) 이준석이 왜 좆됨?,https://gall.dcinside.com/board/view/?id=baseball_new11&no=18438453&page=2,민주당에서 성상납의혹 다시 꺼내오는데 왜 좆되긴 씨발년아 ㅋㅋㅋㅋㅋㅋㅋㅋ......,욕설 사용,직접적인 욕설('씨발년아') 포함됨,0.99
2대남 말고는 죄다 1찍이구만 씨발 ㅋㅋ,https://gall.dcinside.com/board/view/?id=baseball_new11&no=18438452&page=2,양심도 없는 새기들이 이대남 패고 있네 씹버러지새기들이 ㅋㅋ 앞으로 국힘은 절대 안찍는다 ㅋ......,욕설 사용,"직접적인 욕설 포함됨 ('씨발', '새기', '씹버러지새기' 등)",0.99
한잔해. 그래도 역대 영부인중 와꾸 1황이잖아,https://gall.dcinside.com/board/view/?id=baseball_new11&no=18438451&page=2,양산 국밥싸이는 토 나오고 성괴 쥴리도 역하고.. 와꾸는 이견없는 1황이다 경궁이이모 ㄹㅇ......,일반글,직접적인 욕설 없음,0.95
젓가락과 드럼통 카리나가 왜 금칙어인가요?,https://gall.dcinside.com/board/view/?id=baseball_new11&no=18438450&page=2,무슨 연관이 있는것도 아닌데 왜그런거죠? 설마 어떤 싸이코같은사람이 젓가락을 음부에꽂는다거나 찢는다거나 그런건가요?......,일반글,직접적인 욕설 없음,1.00
이대남 씹새끼들은 뭘 자꾸 챙겨주란거냐?,https://gall.dcinside.com/board/view/?id=baseball_new11&no=18438449&page=2,"이 씹새끼들은 20넘게 처먹었으니 같은 성인이니 어쩌구 센척하고 자빠질 땐 언제고 이제는 또 안챙겨줬다, 챙겨줘라 지랄이냐ㅋㅋㅋㅋㅋㅋㅋㅋ 군대도 가기싫다~ 군복무 줄여달라~ 월급을 많이 달라~ 취직을 시켜 달라~ 좆소는 가기 싫다~ 유학을 보내 달라~ 결혼을 시켜 달라~ 예기미 이 빙신새끼들ㅋㅋㅋㅋㅋㅋ 가오라도 쳐잡지 말던가ㅋㅋㅋㅋㅋㅋㅋ......",욕설 사용,"직접적인 욕설 포함됨 ('씹새끼', '좆', '빙신새끼', '예기미' 등)",1.00
이쯤되면 이준석도 좀 의미있는 수치아니냐 ㅋㅋ,https://gall.dcinside.com/board/view/?id=baseball_new11&no=18438448&page=2,출구때처럼 합쳐도 재매이한테 안되는 수치면 진짜 한줌 모래였는데 까보니까 단일화했다면 해볼만한 수치가 나왔다는건 무시하긴 어려운 수준인거지 ㅋㅋㅋ 노란푸들같은게 진짜 한줌 이산화탄소 같은 놈이고......,일반글,직접적인 욕설 없음,0.95
굳은살 뗐는데 ㄱㅊ?,https://gall.dcinside.com/board/view/?id=baseball_new11&no=18438447&page=2,너무 크고 딱딱해서 뗌 - dc official App......,일반글,직접적인 욕설 없음,1.00
두 사람중 누가 더 대단함?,https://gall.dcinside.com/board/view/?id=baseball_new11&no=18438446&page=2,"6수 서울대의대, 자산 50억 보유, 조울증 군면제 (20대 5년 날림 + 정신병자 취급받음) VS 현역 가톨릭의대생 (군대 가야함, 돈 벌어야함)......",일반글,직접적인 욕설 없음,1.00
이재명 <ㅡ 이새끼 개병신 맞으면 개추 ㅋㅋㅋㅋㅋㅋ,https://gall.dcinside.com/board/view/?id=baseball_new11&no=18438445&page=2,탄핵정국에 지지율 50퍼도 안되는새끼가 뭔 독재야 씨발아 ㅋㅋㅋㅋㅋㅋ......,욕설 사용,직접적인 욕설 포함됨 ('씨발' 사용),0.99
틀구이들 화내는거 보니 4찍 잘한거 같으면 개추,https://gall.dcinside.com/board/view/?id=baseball_new11&no=18438444&page=2,눈물 콧물 다 빼는게 꼴보기좋노ㅋ - dc official App......,일반글,직접적인 욕설 없음,1.00
서울도 범보수가 절반이상인게 충격이네 ㅇㅇ,https://gall.dcinside.com/board/view/?id=baseball_new11&no=18438443&page=2,ㄹㅇ 민주당에서 병신같은 후보내면 서울시장도 오세훈이 5선할듯......,욕설 사용,직접적인 욕설 포함됨,0.95
아니 지금 좆된건 이준석이 아니라 국민의힘이라니깐...,https://gall.dcinside.com/board/view/?id=baseball_new11&no=18438441&page=2,"이를테면 이준석은 일종의 ""옥새""같은거임 2030을 들고있는 옥새. 이준석이 당대표 시절: 대선,지선,보궐,총선 다 이김 윤석열 대통령 만들때도 지금 데이터보면 결국 이준석이 만든거임 그리고 이준석 쫓아낸 후 김기현, 한동훈이 보궐,총선 다 쳐발리고 민주당에 190석 내준것도, 오늘 대선에서 쳐발린것도, 결국 딱 이준석 파이만큼 모자라서 지는거임 이준석이 ...",욕설 사용,직접적인 욕설 포함됨,0.99
위안부민국 미래 한짤 정리.....jpg,https://gall.dcinside.com/board/view/?id=baseball_new11&no=18438440&page=2,갠적으로 노재팬으로 꿀빨아서 시즌2 기대중......,일반글,직접적인 욕설 없음,1.00
이재명이 아무리좆같이해도 윤두창보단 나음,https://gall.dcinside.com/board/view/?id=baseball_new11&no=18438439&page=2,윤두창병신새끼......,욕설 사용,직접적인 욕설 포함됨 ('병신새끼' 사용),0.99
난 4찍한 새끼들 소신 ㅇㅈ함,https://gall.dcinside.com/board/view/?id=baseball_new11&no=18438438&page=2,이새끼들 이재명되는거 각오하고 4찍한애들임 쫄보같이 사표심리발동되서 김문수찍은애들아 그렇게 찍어줘도 국힘은 2030 버릴걸야 두창이때 그렇게 당하고도 정신못차렸노......,분석 최종 실패,최대 재시도 도달,0.00
이준석이 단일화 안해서 졌다고 생각하는게 진짜 저능아인게,https://gall.dcinside.com/board/view/?id=baseball_new11&no=18438437&page=2,이준석이 단일화 했을때 이준석표 3퍼만 이재명한테 갔어도 이재명 당선임......,일반글,직접적인 욕설 없음,1.00
아직도 단일화 무새짓 하는 저능아들은 양심이 있냐??,https://gall.dcinside.com/board/view/?id=baseball_new11&no=18438435&page=2,이준석표가 다 김문수한테 간다쳐도 0.4%차이 승인데 씨발 말이 됨? ㅋㅋㅋㅋ 0.4%도 이탈 안나올거 같냐?? 양심 좀 챙겨라 틀딱들아 ㅇㅇ......,욕설 사용,직접적인 욕설 '씨발' 포함됨,0.99
30대 남자들 팩트)김문수보다 이재명 지지율이 더 높음,https://gall.dcinside.com/board/view/?id=baseball_new11&no=18438434&page=2,이대남들은 표 갈렸어도 김문수 이준석중에 고민하지 30대들은 이재명 37퍼나 뽑았다는거임 이새끼들 밖에선 보수인척하는데 정작 투표는 이재명 뽑은 음흉한 새끼들임......,욕설 사용,직접적인 욕설 포함됨,0.95
나야 집2채 가지고있어서 상관없는데 2030이 불쌍하네,https://gall.dcinside.com/board/view/?id=baseball_new11&no=18438433&page=2,유동성공급 들어가서 집값 폭등하면 경기에도 집마련하기 힘들듯 안타깝구만 끌끌 - dc official App......,일반글,직접적인 욕설 없음,1.00
스나이퍼좆<-- 이새끼 사라진거 ㅈㄴ 웃기면 개추,https://gall.dcinside.com/board/view/?id=baseball_new11&no=18438432&page=2,감옥갔으려나 ㅋㅋㅋ?......,욕설 사용,직접적인 욕설 포함됨,0.95
이대남 << 계엄빔 맞고도 75%가 지지해주네,https://gall.dcinside.com/board/view/?id=baseball_new11&no=18438431&page=2,솔직히 이건 억까인듯......,일반글,직접적인 욕설 없음,1.00
상납견들 애초에 이재명이 1호로 느그 준석이부터 찢어갈길건데,https://gall.dcinside.com/board/view/?id=baseball_new11&no=18438430&page=2,뭐가 좋다고 실실대노 민주당에서 성접대의혹 꺼내오는중인데 이제 뭘로 막을거노?ㅋㅋㅋㅋㅋㅋㅋ......,일반글,직접적인 욕설 없음,1.00
이재명아들이 카리나 죽여도 틀문수 안찍는다고요,https://gall.dcinside.com/board/view/?id=baseball_new11&no=18438428&page=2,카리나가 먼 내여친도아니고 먼상관임......,일반글,직접적인 욕설 없음,1.00
알빠노 정신 잊었냐?,https://gall.dcinside.com/board/view/?id=baseball_new11&no=18438427&page=2,선거시즌이라고 잠시 애국자 모드로 돌아온거 같은데 다시 알빠노 모드 켜라. 같잖은 애국심 들때마다 나라가 뭘해줬나 곰곰이 생각해라. 차갑게 식는 자신을 발견할 수 있을거다.......,일반글,직접적인 욕설 없음,1.00
(속보) 제1호 드럼통행 발표,https://gall.dcinside.com/board/view/?id=baseball_new11&no=18438426&page=2,과반 1% 실패의 원흉으로 권영국 씨가 지목되었습니다.......,일반글,직접적인 욕설 없음,1.00
넌 지금 중국이 어떤 상태인줄 알고 합치자고 하냐?,https://gall.dcinside.com/board/view/?id=baseball_new11&no=18438425&page=2,"부동산 폭락하고 스테그플레이션와서 공장 다문닫고 실업자, 임금체불 4년제 대학나와도 취직할데가 없고 먹을거 살 돈도 없어서 노숙하고 거지들이 넘쳐나서 사람들 다 해외로 도망가고 있는데 뭔 중국이랑 합쳐?......",일반글,직접적인 욕설 없음,1.00
솔직히 2찍이들도 8%차이는 생각 안했잖아,https://gall.dcinside.com/board/view/?id=baseball_new11&no=18438423&page=2,다들 10% 넘을 줄 알았던거 아님?......,일반글,직접적인 욕설 없음,1.00
개두창은 걍 이거짘ㅋㅋㅋㅋㅋㅋㅋㅋㅋㅋㅋㅋㅋㅋㅋㅋㅋㅋㅋㅋ,https://gall.dcinside.com/board/view/?id=baseball_new11&no=18438421&page=2,원래 재앙이가 찢 저새끼만 막아봐라 해서 국짐에 입당한건데 갑자기 2년쯤 지나니 찢이랑 재앙이가 갑자기 화해를 해버린거임 그래서 재앙이가 사과선물로 대통령 먹게 해준다고 두창이 불러서 알아서 해봐라 하고 찢통령 코스 만들어준거 결국 이 모든게 재앙이의 원맨쇼였을뿐 ㅋㅋㅋㅋㅋㅋㅋㅋ......,욕설 사용,직접적인 욕설 포함됨,0.95
아빠 대통령되면 뭔 기분일까 ㅋㅋ,https://gall.dcinside.com/board/view/?id=baseball_new11&no=18438422&page=2,동호햄 이제 막나가겠노 ㅋ......,일반글,직접적인 욕설 없음,1.00
근데 ㅅㅂ 이대남 보수비율 좆되는데,https://gall.dcinside.com/board/view/?id=baseball_new11&no=18438420&page=2,뽑을만큼 뽑았구만 씹새들 욕심은......,욕설 사용,직접적인 욕설 포함됨 ('씹새들'),0.99
솔직히 이새끼들 존나게 역겨우면 개추...jpg,https://gall.dcinside.com/board/view/?id=baseball_new11&no=18438419&page=2,내용 없음...,욕설 사용,"제목에 '새끼', '존나게' 등 직접적인 욕설 포함됨",0.95
서울에서 계엄했는데 반반ㅋㅋ,https://gall.dcinside.com/board/view/?id=baseball_new11&no=18438418&page=2,ㅅㅂ ㅋㅋ찢재명 수준ㅋㅋ 내년 서울시장선거 오세훈 당선확정이네 - dc official App......,분석 최종 실패,최대 재시도 도달,0.00
틀니의힘은 이 계기로 정신차려야지ㅋㅋㅋ,https://gall.dcinside.com/board/view/?id=baseball_new11&no=18438417&page=2,무슨 자신감으로 20대 30대 남자들 전부 김문수 찍어줄거라고 생각하고 있었던거임? 연금개혁 같은 걸로 옭아멜땐 언제고 ㅋㅋㅋㅋㅋ 갑툭튀한 놈을 누가 찍냐 이재명이 워낙 비호라 반사이익으로 그나마 이정도 나온것도 선방이지ㅅㅂ......,욕설 사용,직접적인 욕설 포함됨,0.95
대한민국 역사상 가장 많은 표를 받은 이재명,https://gall.dcinside.com/board/view/?id=baseball_new11&no=18438416&page=2,1730만표 유력 - dc official App......,일반글,직접적인 욕설 없음,1.00
4찍한 이대녀들은 대체 뭔 대가리로 찍은지 궁금하다,https://gall.dcinside.com/board/view/?id=baseball_new11&no=18438415&page=2,진짜로......,일반글,직접적인 욕설 없음,1.00
이대남 특) 투표 좃박아놓고,https://gall.dcinside.com/board/view/?id=baseball_new11&no=18438414&page=2,어차피 안 됐음 ㅋㅋ 이지랄......,욕설 사용,직접적인 욕설 포함됨,0.95
3사언론 <----이새끼들 토악질 나오는게 출구조사 주작함ㅋㅋㅋㅋㅋㅋㅋㅋ,https://gall.dcinside.com/board/view/?id=baseball_new11&no=18438413&page=2,"찢 50퍼 못넘는거 이미 알고 있었고 김문수 40퍼 넘는거 이미 알고 있었는데 51, 39 로 둘다 앞자리 은근슬쩍 바꿔서 차이 많이 나게보이려고 좆주작시전함ㅋㅋㅋㅋㅋㅋㅋㅋㅋㅋㅋㅋㅋㅋㅋㅋㅋㅋㅋㅋㅋㅋㅋ......",욕설 사용,직접적인 욕설 포함됨,0.95
아니 지금 좆된건 이준석이 아니라 국민의힘이라니깐...,https://gall.dcinside.com/board/view/?id=baseball_new11&no=18438412&page=2,"이를테면 이준석은 일종의 ""옥새""같은거임 2030을 들고있는 옥새. 이준석이 당대표 시절: 대선,지선,보궐,총선 다 이김 윤석열 대통령 만들때도 지금 데이터보면 결국 이준석이 만든거임 그리고 이준석 쫓아낸 후 김기현, 한동훈이 보궐,총선 다 쳐발리고 민주당에 190석 내준것도, 오늘 대선에서 쳐발린것도, 결국 딱 이준석 파이만큼 모자라서 지는거임 이준석이 ...",욕설 사용,직접적인 욕설 포함됨,0.99
윤석열은 문재앙이 임명한 검찰총장,https://gall.dcinside.com/board/view/?id=baseball_new11&no=18438411&page=2,박근혜 지옥 보내고 보수도 지옥보냈다......,일반글,직접적인 욕설 없음,1.00
이재명 대통령 솔직히 기대되면 개추,https://gall.dcinside.com/board/view/?id=baseball_new11&no=18438410&page=2,은근히 설레면 개추......,일반글,직접적인 욕설 없음,1.00
10% 차이는 날줄 알았는데 8% 차이라,https://gall.dcinside.com/board/view/?id=baseball_new11&no=18438409&page=2,김문수 존나 선전했네......,욕설 사용,직접적인 욕설 포함됨,0.95
당당한 대통령 이재명 1번,https://gall.dcinside.com/board/view/?id=baseball_new11&no=18438408&page=2,서민의 대통령 이재명 1번......,일반글,직접적인 욕설 없음,1.00
이준석 욕하는거 ㄹㅇ 이해 안되네,https://gall.dcinside.com/board/view/?id=baseball_new11&no=18438407&page=2,이새끼 없었음 토론 개씹노잼이엇음 순수재미를 위해서 앞으로 계속 나와야댐......,욕설 사용,직접적인 욕설 포함됨,0.95
이준석이 ㅈ된건 모르겠고 ㅋㅋ,https://gall.dcinside.com/board/view/?id=baseball_new11&no=18438406&page=3,틀구이들 화병나서 흙이랑 단일화 하는건 개꼬심 ㅋㅋㅋㅋ 누가 계엄한 닭대가리 믿으래 ? ㅋㅋㅋㅋㅋ 다 이기고 왔다 ㅇㅈㄹ ㅋㅋㅋ......,욕설 사용,'ㅈ'은 '좆'의 은어적 표현으로 직접적인 욕설에 해당됨,0.95
단일화가 아니라 국힘이 이준석한테 흡수되야된다고 븅ㅡ신들아,https://gall.dcinside.com/board/view/?id=baseball_new11&no=18438405&page=3,2찍 노답들아 단일화를 무슨 이준석이 김문수네 국힘쪽에 대주는게 아니고 반대로 해야 이긴다는 말인데 2찍새끼들 지들쪽으로 이해하고 이준석욕하네 나경원같은 멍청이들있는 집단아니랄까봐......,욕설 사용,"직접적인 욕설 포함됨 ('븅ㅡ신', '새끼' 등)",0.95
4찍은 걍 이재명 되라고 찍어준거잖아,https://gall.dcinside.com/board/view/?id=baseball_new11&no=18438404&page=3,표분산되서 국힘 ㅈ되라고 찍어준애들이 4찍임 ㅇㅇ 이재명되는거 각오하고......,욕설 사용,직접적인 욕설 포함됨,0.95
결과론적이지만,https://gall.dcinside.com/board/view/?id=baseball_new11&no=18438403&page=3,그새끼가 계엄만 안 했어도 적어도 수십년은 민주당이 정권 탈환하는 일 없었을듯 진심 석열이 민주당 스파이 맞제 - dc official App......,욕설 사용,직접적인 욕설 포함됨,0.95
기호 8번 송진호 3만5천표 ㅊㅋㅊㅋ,https://gall.dcinside.com/board/view/?id=baseball_new11&no=18438402&page=3,내용 없음...,일반글,직접적인 욕설 없음,1.00
너네 업소갈거임?,https://gall.dcinside.com/board/view/?id=baseball_new11&no=18438401&page=3,내용 없음...,일반글,직접적인 욕설 없음,1.00
근데 ㄹㅇ 이재명 저렇게 논란이 많은사람인데도 당선되는거보면,https://gall.dcinside.com/board/view/?id=baseball_new11&no=18438399&page=3,민주당이 말같지도 않은짓 다 해도 찍어줄듯 난 더이상 이나라에 희망을 포기햇다......,일반글,직접적인 욕설 없음,1.00
선방하긴했지만…결과는 진거자나 ㅠ,https://gall.dcinside.com/board/view/?id=baseball_new11&no=18438398&page=3,ㅠㅠ......,일반글,직접적인 욕설 없음,1.00
25만원 언제 뿌린대?,https://gall.dcinside.com/board/view/?id=baseball_new11&no=18438397&page=3,이렇게 된 이상 즐기는 거야......,일반글,직접적인 욕설 없음,1.00
개호재) 우리나라 GDP 2위로 상승 ㅅㅅㅅ,https://gall.dcinside.com/board/view/?id=baseball_new11&no=18438396&page=3,대재명 ㅅㅅㅅ 대재인 ㅅㅅㅅ 대진핑 ㅅㅅㅅ......,일반글,직접적인 욕설 없음,1.00
도요타 렉서스 어뜩하노 ㅋㅋㅋㅋㅋㅋㅋ,https://gall.dcinside.com/board/view/?id=baseball_new11&no=18438395&page=3,ㅋㅋㅋㅋㅋㅋㅋㅋㅋㅋㅋ 애들 더 신나서 다떄려부수겠노 ㅋㅋㅋㅋㅋㅋㅋㅋㅋ......,일반글,직접적인 욕설 없음,1.00
우파 유튜버들 걍 초비상임 ㅋㅋㅋㅋ,https://gall.dcinside.com/board/view/?id=baseball_new11&no=18438394&page=3,일단 가세연 김세의는 무조건 구속이고......,일반글,직접적인 욕설 없음,1.00
이준석 긴급 기자회견 뜸,https://gall.dcinside.com/board/view/?id=baseball_new11&no=18438393&page=3,게시글 내용 로드 실패: 404 Client Error: Not Found for url: https://gall.dcinside.com/board/view/?id=baseball_new11&no=18438393&page=3......,일반글,"게시글 내용을 확인할 수 없어 직접적인 욕설 포함 여부를 판단할 수 없으나, 제목만으로는 욕설이 포함되었다고 보기 어려움",0.80
야갤도 다뒤졌네,https://gall.dcinside.com/board/view/?id=baseball_new11&no=18438392&page=3,씹노잼집단됐노......,욕설 사용,직접적인 욕설 포함됨,0.95
이준석 그래도 283만표나 얻음,https://gall.dcinside.com/board/view/?id=baseball_new11&no=18438391&page=3,그 중에 나도 있곸ㅋㅋㅋ 이준석은 이제 시작이다 만 40세 딱 선거권 되자마자 이정도 했으면 난 칭찬해주고 싶다 ㅇㅇ......,일반글,직접적인 욕설 없음,1.00
보수 <--- 개준석 한가발 간철수 이런애들이 이끌어야 되는데,https://gall.dcinside.com/board/view/?id=baseball_new11&no=18438390&page=3,현실은 권성동 윤상현 나경원임ㅋㅋㅋㅋㅋㅋㅋ......,일반글,직접적인 욕설 없음,0.99
2찍=친윤 내란당원으로 모는건 억울하네,https://gall.dcinside.com/board/view/?id=baseball_new11&no=18438389&page=3,왜 윤핵관 계속 품고 갈거임 쌍권 욕병전략 계속 방관할거임 병신들 기존보수들 두고 뭐하는짓인지 당해체나 당해라 - dc official App......,욕설 사용,직접적인 욕설 포함됨,0.95
출구조사 병신같네 도대체 1프로 이상차이나네 ㅋㅋ,https://gall.dcinside.com/board/view/?id=baseball_new11&no=18438388&page=3,ㅄ......,욕설 사용,직접적인 욕설 포함됨,1.00
문빠들은 어떻게 될까 궁금하네 ㅎㅎ,https://gall.dcinside.com/board/view/?id=baseball_new11&no=18438387&page=3,- dc official App......,일반글,직접적인 욕설 없음,1.00
짤녀 누구임?,https://gall.dcinside.com/board/view/?id=baseball_new11&no=18438386&page=3,게시글 내용 로드 실패: 404 Client Error: Not Found for url: https://gall.dcinside.com/board/view/?id=baseball_new11&no=18438386&page=3......,일반글,"게시글 내용을 로드할 수 없어 직접적인 욕설 포함 여부를 판단할 수 없으나, 제목만으로는 직접적인 욕설이 포함되지 않음",0.95
4찍탓까진 용인할수 있는데 이대남탓은 줘패고싶네,https://gall.dcinside.com/board/view/?id=baseball_new11&no=18438385&page=3,보수후보 75%가까이 표주고 국힘한테도 36%나 줬는데 60대 70대 제외하고 국힘지지율 제일 높은게 이대남인데 고마워하지는 못할망정 이대남때문에 졌다 ㅋㅋㅋ 이대남들 틀구이 ㅈ같아서 다신 2찍 지지안해줄듯ㅋ - dc official App......,욕설 사용,직접적인 욕설 포함됨,0.95
4찍은 이재명 됐다고 한탄할 자격 없는거 아님?,https://gall.dcinside.com/board/view/?id=baseball_new11&no=18438384&page=3,사표만든건 지들이면서 둘다싫다고 사표만드는게 정상임?......,일반글,직접적인 욕설 없음,1.00
아니 지금 좆된건 이준석이 아니라 국민의힘이라니깐...,https://gall.dcinside.com/board/view/?id=baseball_new11&no=18438383&page=3,"이를테면 이준석은 일종의 ""옥새""같은거임 2030을 들고있는 옥새. 이준석이 당대표 시절: 대선,지선,보궐,총선 다 이김 윤석열 대통령 만들때도 지금 데이터보면 결국 이준석이 만든거임 그리고 이준석 쫓아낸 후 김기현, 한동훈이 보궐,총선 다 쳐발리고 민주당에 190석 내준것도, 오늘 대선에서 쳐발린것도, 결국 딱 이준석 파이만큼 모자라서 지는거임 이준석이 ...",욕설 사용,직접적인 욕설 포함됨,0.99
좆같아도 열심히 살면됨,https://gall.dcinside.com/board/view/?id=baseball_new11&no=18438382&page=3,"김대중, 노무현, 문재인때도 쌓인 똥들이 많아 불편하긴했지만 어찌저찌 살아졌음 주어지는 환경에 열심히 살자 ㅜ......",욕설 사용,직접적인 욕설 포함됨,0.99
이준석은 민주당가면 다음에 대통령가능함,https://gall.dcinside.com/board/view/?id=baseball_new11&no=18438381&page=3,노무현의 정신적 후계자+이대남표+잔라도표=대통령 - dc official App......,분석 최종 실패,최대 재시도 도달,0.00
카리나 2000년생이면 올해로 26살인데 20대 내년되면 20대후반이다.,https://gall.dcinside.com/board/view/?id=baseball_new11&no=18438380&page=3,아이돌 나이치곤 노괴임. 부정할수있냐?>......,욕설 사용,직접적인 욕설 포함됨,0.95
이대남버리고 이대녀코인 탈수있음 꼭 타라,https://gall.dcinside.com/board/view/?id=baseball_new11&no=18438379&page=3,꼭 이대녀들이 민주당 버리고 니들 뽑게 만들어봐라ㅋㅋㅋㅋㅋㅋㅋㅋㅋㅋㅋㅋ......,일반글,직접적인 욕설 없음,1.00
4찍은 근데 필수불가결아니냐,https://gall.dcinside.com/board/view/?id=baseball_new11&no=18438378&page=3,국힘새끼들어쩌피 2030 버릴건데 4찍하고 미드오픈하는게맞음 상식적으로 내란하고도 이기면 2030은 걍 이제 끝임......,욕설 사용,'새끼'라는 직접적인 욕설 포함됨,0.95
재매이햄 기대되는거 1개.real,https://gall.dcinside.com/board/view/?id=baseball_new11&no=18438377&page=3,의새 씹새끼들 조지는거 ㅋㅋ......,욕설 사용,직접적인 욕설 포함됨,0.95
이나라 4050은 아직 본인이 청춘이라 생각함,https://gall.dcinside.com/board/view/?id=baseball_new11&no=18438376&page=3,본인들이 아직 청년이고 청춘이고 기득권에 대항하는 고결한 시민으로 생각함. 지들이 만든 문화때문에 출산율 운지하고 청년실업 만든건 모름 심지어 본인들 20대 때는 투표도 안했었음ㅋㅋ 그냥 민주당 지지하면 선이고 그게 옳다고 생각해서 지지하는거임 - dc official App......,욕설 사용,직접적인 욕설 포함됨,0.95
아 후보만 김문수가 아니었다면 계엄만 안했으면,https://gall.dcinside.com/board/view/?id=baseball_new11&no=18438375&page=3,아 진짜 좆같다 ㅆㅂ......,욕설 사용,"직접적인 욕설 포함됨 ('좆같다', 'ㅆㅂ' 사용)",1.00
계엄 안했으면 이재명 이미 깜빵갓음 ㅋ,https://gall.dcinside.com/board/view/?id=baseball_new11&no=18438374&page=3,틀구이들 이재명 막겠다고 윤석열 뽑을 때부터 알아봤다 근혜공주님 깜빵 보낸 새기 뽑고 싶드나 ㅋ 그놈의 문재인은 막아야지 이재명은 막아야지 막긴 뭘막아 니들이 재앙인건 모르고 병신들......,욕설 사용,직접적인 욕설 포함됨: '병신' 사용,0.95
아니 지금 좆된건 이준석이 아니라 국민의힘이라니깐...,https://gall.dcinside.com/board/view/?id=baseball_new11&no=18438373&page=3,"이를테면 이준석은 일종의 ""옥새""같은거임 2030을 들고있는 옥새. 이준석이 당대표 시절: 대선,지선,보궐,총선 다 이김 윤석열 대통령 만들때도 지금 데이터보면 결국 이준석이 만든거임 그리고 이준석 쫓아낸 후 김기현, 한동훈이 보궐,총선 다 쳐발리고 민주당에 190석 내준것도, 오늘 대선에서 쳐발린것도, 결국 딱 이준석 파이만큼 모자라서 지는거임 이준석이 ...",욕설 사용,직접적인 욕설 포함됨,0.99
살자 한다는 글 올라옴.....jpg,https://gall.dcinside.com/board/view/?id=baseball_new11&no=18438372&page=3,내용 없음...,일반글,내용 없음,1.00
이새끼들이랑 한배를 탔다는게,https://gall.dcinside.com/board/view/?id=baseball_new11&no=18438371&page=3,ㄹㅇ 코미디다 무효표보다 못한 8%......,욕설 사용,직접적인 욕설 포함됨,0.95
틀딱세끼들 ㅈㄴ양심이없는게,https://gall.dcinside.com/board/view/?id=baseball_new11&no=18438370&page=3,필요할때만 이대남타령하고 처발리면 이대남욕하고 이대남이 씨발 니들같은 저능아세끼마냥 그냥 국힘이면 다뽑아주냐 븅신들아 그냥 양심이없는듯 - dc official App......,욕설 사용,"직접적인 욕설 포함됨 ('세끼', '씨발', '븅신' 등)",0.99
80년대생 개불쌍함 90들은 청년특혜라도 받았겠지,https://gall.dcinside.com/board/view/?id=baseball_new11&no=18438369&page=3,80년대생은 암것도 없었고 IMF때는 학창시절때라 사춘기때 집안 다 분위기 안좋았고 그놈의 4년제 대학교 타령 이건 아직도 그렇지만 ㅋㅋ 중고등학교 내내 선생님들한테 쳐맞고 그게 당연했던 세대 군대에서도 폭력 당연했던 세대 까라면 까가 당연 ㅇㅇ 위로는 꼰대들 아래로는 이삼대남들 그런데 엠지랑 같은세대라고 대충 묶여서 까임......,일반글,직접적인 욕설 없음,1.00
근데 계엄빔 쳐맞고도 보수 40퍼 넘게 나온거면...,https://gall.dcinside.com/board/view/?id=baseball_new11&no=18438367&page=3,선방한거 아니노?......,일반글,직접적인 욕설 없음,1.00
지금 좆된건 우리 모두임 병신들아 ㅋㅋㅋ,https://gall.dcinside.com/board/view/?id=baseball_new11&no=18438366&page=3,ㅋㅋㅋㅋㅋㅋ......,욕설 사용,직접적인 욕설 포함됨,1.00
상납견들 제일웃긴게 토론도르)  토론  다쳐발랐다!,https://gall.dcinside.com/board/view/?id=baseball_new11&no=18438365&page=3,8%다 개털린놈이 50% ㅋㅋㅋㅋㅋㅋㅋㅋ......,욕설 사용,직접적인 욕설 포함됨,0.95
이재명 티비토론에서 너무 이준석한테 쳐발려서 5%는 깎인듯,https://gall.dcinside.com/board/view/?id=baseball_new11&no=18438363&page=3,진짜 병신같더라......,욕설 사용,직접적인 욕설 포함됨,0.95
이준석표가 보수표만 있는게아니고 진보표도 좀 빨아서,https://gall.dcinside.com/board/view/?id=baseball_new11&no=18438362&page=3,김문수랑 단일화하면 오히려 더 발림 단일화 할 시 이준석 찍을 진보들은 무조건 찢재명 찍으니까 걍 찢 좋은일 해주는거 애초에 틀쪽에서 후보를 잘 뽑아서 내든 정책연구를 더 열심히하든 본인체급으로 싸워야지 틀딱한테 선동당하는 능능아 좆대남이랑 틀구이들 좀 닥쳐 무식한년들아......,욕설 사용,직접적인 욕설 포함됨,0.95
??? : 이대남 씨발 새끼들 앞으론 국물도 없다 씹새끼들,https://gall.dcinside.com/board/view/?id=baseball_new11&no=18438361&page=3,(지금까지 단 한번도 챙겨주지 않으며)......,분석 최종 실패,최대 재시도 도달,0.00
상납이 상계동에서 택시운전하면되겠네,https://gall.dcinside.com/board/view/?id=baseball_new11&no=18438360&page=3,제명되면......,일반글,직접적인 욕설 없음,1.00
김문수+이준석 해봐야 이재명하고 1%p밖에 안되노,https://gall.dcinside.com/board/view/?id=baseball_new11&no=18438359&page=3,이준석 사퇴했으면 재매이햄 ㄹㅇ 50% 득표했겠다 ㄷㄷㄷ 오히려 이준석이 과반저지한거네......,일반글,직접적인 욕설 없음,1.00
아니 지금 좆된건 이준석이 아니라 국민의힘이라니깐...,https://gall.dcinside.com/board/view/?id=baseball_new11&no=18438358&page=3,"이를테면 이준석은 일종의 ""옥새""같은거임 2030을 들고있는 옥새. 이준석이 당대표 시절: 대선,지선,보궐,총선 다 이김 윤석열 대통령 만들때도 지금 데이터보면 결국 이준석이 만든거임 그리고 이준석 쫓아낸 후 김기현, 한동훈이 보궐,총선 다 쳐발리고 민주당에 190석 내준것도, 오늘 대선에서 쳐발린것도, 결국 딱 이준석 파이만큼 모자라서 지는거임 이준석이 ...",욕설 사용,직접적인 욕설 포함됨,0.99
국짐<<<<<,https://gall.dcinside.com/board/view/?id=baseball_new11&no=18438357&page=3,상대 정당에서 내란일으키고 이미지 박살나도 엄대엄 으로 이길만큼 이미지 박살난 이재명 못이김ㅋㅋㅋㅋ......,일반글,직접적인 욕설 없음,1.00
23살이면 다시 일어날 수 있을까요? 늦지 않았을까요?,https://gall.dcinside.com/board/view/?id=baseball_new11&no=18438356&page=3,"어릴때부터 부모님 없이 고아원, 절, 교회, 노숙 등을 오가며 중고등학교 시절 늘 쳐맞고 괴롭힘을 당하는 등 불우하게 지냈고 고등학교 졸업 이후 돈을 벌기 위해공사판에서 일하다가 낙상사고로 전치 32주의 심한 부상을 입고 장애등급을 판정받기 직전의 상태까지 갔습니다 2달 간은 혼수 상태였고 제 보호자 개념으로 반장님이 와주셨고 1년이 지나고서 퇴원하고 1달...",일반글,직접적인 욕설 없음,1.00
출구조사대로 50퍼 못넘긴거 이거 의외로 의미가 큼ㅋㅋㅋ과반 넘기면 분명,https://gall.dcinside.com/board/view/?id=baseball_new11&no=18438355&page=3,이거 상징성이 커서 국민 과반의 선택 어저고 하면서 온갖거 다 할건뎈ㅋㅋㅋㅋㅋㅋㅋㅋㅋ 물론 지금도 입법부에다 행정부도 먹은 총통각하이긴 하다만ㅋㅋㅋㅋㅋㅋ사법부도 굴복시킬거고 ㅋㅋㅋㅋㅋㅋ......,일반글,직접적인 욕설 없음,1.00
4랑 결혼하고싶어,https://gall.dcinside.com/board/view/?id=baseball_new11&no=18438354&page=3,미혼이시던데 ㅎㅎ - dc official App......,일반글,직접적인 욕설 없음,1.00
"이재명 - 김문수 270만표차, 이준석 283만표",https://gall.dcinside.com/board/view/?id=baseball_new11&no=18438352&page=4,나라 구한 大준석......,일반글,직접적인 욕설 없음,1.00
해위요,https://gall.dcinside.com/board/view/?id=baseball_new11&no=18438351&page=4,조은새벽 ㅋ - dc official App......,일반글,직접적인 욕설 없음,1.00
유니클로<<어뜩함 ㅋㅋㅋㅋ,https://gall.dcinside.com/board/view/?id=baseball_new11&no=18438350&page=4,ㅋㅋㅇㅋㅋㅋ......,일반글,직접적인 욕설 없음,1.00
2찍 병신들 주제를 모름 이대녀 표를 니들이 어케잡는데,https://gall.dcinside.com/board/view/?id=baseball_new11&no=18438349&page=4,할수있으면 해봐 병신들아ㅋㅋㅋㅋㅋㅋ 직전에 윤석렬 뽑힌뒤에도 아무것도 안해준새끼들이ㅋㅋㅋㅋㅋㅋ 민주당은 당장 직장부터 대학까지 싹다 여성우대로 칠을 하고있는데 니들이 걔들만큼 해줄거긴하고?......,욕설 사용,직접적인 욕설 포함됨,0.99
재매이햄 49.2% ㄷㄷ,https://gall.dcinside.com/board/view/?id=baseball_new11&no=18438348&page=4,과반하는거 아님? ㄷㄷ......,일반글,직접적인 욕설 없음,1.00
보수 <세대포위론만 하면 30년집권임,https://gall.dcinside.com/board/view/?id=baseball_new11&no=18438347&page=4,지들끼리 싸워서 말아먹는거지......,일반글,직접적인 욕설 없음,1.00
탄핵 2번당한당이 왜 아직 해산안하는지,https://gall.dcinside.com/board/view/?id=baseball_new11&no=18438346&page=4,180석 190석 개병신 틀딱새끼들......,욕설 사용,"직접적인 욕설 포함됨 ('개병신', '새끼' 사용)",0.99
이재명 탄핵 가능??,https://gall.dcinside.com/board/view/?id=baseball_new11&no=18438345&page=4,가능??......,일반글,직접적인 욕설 없음,1.00
느그 이대남 씹새끼들은 느그가 제일 잘났는데ㅋㅋㅋㅋ,https://gall.dcinside.com/board/view/?id=baseball_new11&no=18438344&page=4,왜 항상 느그 맘대로 안된다고 징징징징 눈물짜고 콧물짜고 개지랄 염병이란 염병은 다 떠는거냐? 느그들이 그렇게 잘났으면 느그들이 스스로 성공해야 될 것 아니냐? 왜 허구헌날 윗세대 탓을 하냐? 회사가 좆같다? 그럼 느그들이 창업해라ㅋㅋㅋ 정치가 좆같다? 느그들이 미는 준석이 8퍼다ㅋㅋ 결혼을 못하겠다? 뭐 어쩌란거냐 이 씹새들아ㅋㅋ 느그들이 개좆빙신이라 짝...,욕설 사용,"직접적인 욕설('씹새끼', '개지랄', '좆같다', '씹새들아', '개좆빙신') 포함됨",0.99
카리나 = 노괴임.,https://gall.dcinside.com/board/view/?id=baseball_new11&no=18438343&page=4,솔직히 아이돌 나이로 이제 카리나 나이정도되면 꺽일때임 앞으로 3년 더할거 지금 그냥 관두겟다고 선언한꼴임. 이젠 하츠투하츠다.~!!......,일반글,직접적인 욕설 없음,1.00
통장에 1억8천있는데 25만원을 누구 코에 붙여 씨발아,https://gall.dcinside.com/board/view/?id=baseball_new11&no=18438342&page=4,25만원 10일 숨쉬면 이자로 붙어 ㅆㅃ......,욕설 사용,직접적인 욕설 포함됨,0.99
이재명 찍었는데 재판진행 찬성하는애들은 양심이 있는걸까?,https://gall.dcinside.com/board/view/?id=baseball_new11&no=18438341&page=4,멍청한걸까? 재판진행하면 최단기간으로 탄핵당한 대통령인데 - dc official App......,일반글,직접적인 욕설 없음,1.00
이대남 집중할바에 4050에나 집중해,https://gall.dcinside.com/board/view/?id=baseball_new11&no=18438340&page=4,이 시발새끼들 안족치면 앞으로 빨간색 볼일 없음 1. 정년증가 ㅡ 청년실업 회사에서 일 안하고 돈만 존나 받아감 2. 연금 고갈 ㅡ 청년 연금 없음 퇴직하고도 민폐덩어리 3. 집값 상승 최고 혜택 수도권 1주택이상 가지고 있음 또 뭐있지 그저 경제성장 혜택은 다 누리고 현 청년한테 민폐덩어리 그자체인 새끼들 앞으로도 기득권 차지하려고 찢 뽑는 새끼들 지금 ...,욕설 사용,'시발새끼' 등 직접적인 욕설 포함됨,0.99
대구 투표율 80퍼 넘는거 보고 보수결집 엄청나네 생각했음,https://gall.dcinside.com/board/view/?id=baseball_new11&no=18438339&page=4,내란을 일으키고 병신같은 문수가 후보로 나와도 그쪽당은 무조건 40은 나오는듯......,욕설 사용,직접적인 욕설 포함됨,0.95
걍 나라망하고말지 틀문수는 안찍어요,https://gall.dcinside.com/board/view/?id=baseball_new11&no=18438338&page=4,어차피 망할나라 쫌더빨리망하는거지 뭔상관......,일반글,직접적인 욕설 없음,1.00
[ 오피셜 ] 진짜 통구이,https://gall.dcinside.com/board/view/?id=baseball_new11&no=18438337&page=4,나이 4050 먹고 진보외치는 파란색통구이들 ㅋㅋㅋㅋㅋ 틀딱들 얼른 정년채우고 나가뒤지라고 아 ㅋㅋㅋ......,욕설 사용,직접적인 욕설 포함됨,0.95
속보 ) 야수니 어때,https://gall.dcinside.com/board/view/?id=baseball_new11&no=18438336&page=4,- dc official App......,일반글,직접적인 욕설 없음,1.00
4찍 개병신새끼들 ㅋㅋㅋㅋㅋㅋㅋ,https://gall.dcinside.com/board/view/?id=baseball_new11&no=18438335&page=4,내용 없음...,욕설 사용,직접적인 욕설 포함됨,1.00
저 내일 어떻게 함? 아빠한테 준찍했다고 말했는데,https://gall.dcinside.com/board/view/?id=baseball_new11&no=18438334&page=4,엄마아빠 둘다 문찍임....... 좆됐다 ㅅㅂ......,욕설 사용,"직접적인 욕설 포함됨 ('좆됐다', 'ㅅㅂ' 사용)",0.99
지금 등산준비하는 2찍들은 개추,https://gall.dcinside.com/board/view/?id=baseball_new11&no=18438333&page=4,2찍들 무장봉기 달리진 않겠지......,일반글,직접적인 욕설 없음,0.95
단일화 했어도 못 이겼네,https://gall.dcinside.com/board/view/?id=baseball_new11&no=18438332&page=4,단일화하면서 8퍼센트 중에 1퍼센트만 새거나 투표 안 해도 밀리네 흙일화나 해라 이기야......,일반글,직접적인 욕설 없음,0.95
아니 지금 좆된건 이준석이 아니라 국민의힘이라니깐...,https://gall.dcinside.com/board/view/?id=baseball_new11&no=18438331&page=4,"이를테면 이준석은 일종의 ""옥새""같은거임 2030을 들고있는 옥새. 이준석이 당대표 시절: 대선,지선,보궐,총선 다 이김 윤석열 대통령 만들때도 지금 데이터보면 결국 이준석이 만든거임 그리고 이준석 쫓아낸 후 김기현, 한동훈이 보궐,총선 다 쳐발리고 민주당에 190석 내준것도, 오늘 대선에서 쳐발린것도, 결국 딱 이준석 파이만큼 모자라서 지는거임 이준석이 ...",욕설 사용,직접적인 욕설 포함됨,0.99
이재명 이 병신은 이 호재에도 과반을 못넘네,https://gall.dcinside.com/board/view/?id=baseball_new11&no=18438330&page=4,병신새끼 ㅋㅋㅋ 내란당 하나 확실히 제끼지도 못하고.. 에라이 씨발......,욕설 사용,"직접적인 욕설 포함됨 ('병신', '개새끼', '씨발' 등)",1.00
근데 ㄹㅇ 개쿨하게 단일화해서,https://gall.dcinside.com/board/view/?id=baseball_new11&no=18438329&page=4,초반부터 같이 선거운동했으면 이길수도있었던거임??......,일반글,직접적인 욕설 없음,0.95
경상도>>그냥 민족의 적이노ㅋㅋ,https://gall.dcinside.com/board/view/?id=baseball_new11&no=18438328&page=4,예전 신라때도 통수쳐서 통일하고 임진왜란때도 전라도는 끝까지 싸웠는데 경상도 이새기들은 바로 일본군한테 털리고 지금은 대한민국의 민주주의를 가로막는 ㄹㅇ 민족의 적이노ㅋㅋ - dc official App......,욕설 사용,직접적인 욕설 포함됨,0.95
2찍 틀딱=꼰대 vs 1찍 틀딱=꼰대+선민사상,https://gall.dcinside.com/board/view/?id=baseball_new11&no=18438327&page=4,ㅇㅇ......,일반글,직접적인 욕설 없음,1.00
그랴도 김문수 선방했네,https://gall.dcinside.com/board/view/?id=baseball_new11&no=18438326&page=4,40퍼 넘겼네......,일반글,직접적인 욕설 없음,1.00
이준석이 단일화를 왜하냐 븅신아,https://gall.dcinside.com/board/view/?id=baseball_new11&no=18438325&page=4,이준석 쫓아낸게 국힘인데 이제와서 지들 아쉬우니 단일화해줘라? 개좆까고있노ㅋㅋㅋㅋㅋㅋㅋ......,욕설 사용,직접적인 욕설 포함됨,0.99
보수는 딴게 없다.. 그냥 이준석 중심으로 5년 끌고가서 대선해야지,https://gall.dcinside.com/board/view/?id=baseball_new11&no=18438324&page=4,또 뭐 괜히 개병신같은 구태 틀딱 정치인 올려서 밀어볼려고 애쓰면 영원히 민주당 밑에서 떨어지는 고물이나 핥는 개새끼 되는거임......,욕설 사용,"직접적인 욕설 포함됨 ('개병신', '개새끼' 등)",0.99
대선총선을 왜 자꾸 이준석이 이겼데 명태균이했지,https://gall.dcinside.com/board/view/?id=baseball_new11&no=18438323&page=4,느그 상납이가함? 그렇게 선거잘하는 새끼가 왜 본인은 대선 쳐나와서 10%도 못찍음? 유승민이랑 다를게 뭔데 ㅋㅋㅋㅋㅋ ㅋㅋㅋㅋㅋㅋㅋ......,욕설 사용,직접적인 욕설 포함됨,0.95
진핑이 보니까 죄명이 같은거는 걱정안해도 되겠음,https://gall.dcinside.com/board/view/?id=baseball_new11&no=18438322&page=4,진핑이같이 시키지도 않은일을 열심히하다 파멸할 스타일......,일반글,직접적인 욕설 없음,1.00
내란당 < 걍 빨간민주당임,https://gall.dcinside.com/board/view/?id=baseball_new11&no=18438321&page=4,누구보다 민주당을 사랑하는 병신들 ㄹㅇ - dc official App......,욕설 사용,직접적인 욕설 포함됨,0.95
출구조사에서 찢 51퍼라며 ㅋㅋ,https://gall.dcinside.com/board/view/?id=baseball_new11&no=18438320&page=4,50퍼도 못넘기네 ㅆㅂ ㅋㅋ......,욕설 사용,'ㅆㅂ' 등 직접적인 욕설 포함됨,0.99
딸피 : 이대남 버리고 4050 한녀 표심 잡으려 애써야겠노,https://gall.dcinside.com/board/view/?id=baseball_new11&no=18438319&page=4,지난 대선 이긴 후 이대남 통수 치고 우파페미 ㅇㅈㄹ하던 새끼가 할소리냐 저게 ㅋㅋㅋㅋㅋㅋㅋㅋㅋ......,욕설 사용,직접적인 욕설 포함됨,0.95
초대 정부 인선 떴다 ㅋㅋㅋㅋㅋㅋ,https://gall.dcinside.com/board/view/?id=baseball_new11&no=18438318&page=4,니미개씨발 좆된건 확정임 ㅇㅇ......,욕설 사용,"직접적인 욕설 포함됨 ('니미', '개씨발', '좆' 등)",0.99
25만원 생기면 바로 메이플 현질한다,https://gall.dcinside.com/board/view/?id=baseball_new11&no=18438317&page=4,2찍했지만 개이득이죠?......,일반글,직접적인 욕설 없음,1.00
"속보) 이준석, 당선인 발표 후 새벽 극적 단일화... ""힘 모아야""",https://gall.dcinside.com/board/view/?id=baseball_new11&no=18438316&page=4,내용 없음...,일반글,직접적인 욕설 없음,1.00
아니 지금 좆된건 이준석이 아니라 국민의힘이라니깐...,https://gall.dcinside.com/board/view/?id=baseball_new11&no=18438315&page=4,"이를테면 이준석은 일종의 ""옥새""같은거임 2030을 들고있는 옥새. 이준석이 당대표 시절: 대선,지선,보궐,총선 다 이김 윤석열 대통령 만들때도 지금 데이터보면 결국 이준석이 만든거임 그리고 이준석 쫓아낸 후 김기현, 한동훈이 보궐,총선 다 쳐발리고 민주당에 190석 내준것도, 오늘 대선에서 쳐발린것도, 결국 딱 이준석 파이만큼 모자라서 지는거임 이준석이 ...",욕설 사용,직접적인 욕설 포함됨,0.99
일뽕씹덕 << 사망선고 ㅋㅋㅋㅋㅋㅋㅋㅋㅋ,https://gall.dcinside.com/board/view/?id=baseball_new11&no=18438314&page=4,일뽕강점기 3년만에 종료 ㅋㅋㅋㅋㅋㅋㅋㅋㅋ......,욕설 사용,직접적인 욕설 포함됨,0.95
2찍 기원 개지랄쇼,https://gall.dcinside.com/board/view/?id=baseball_new11&no=18438313&page=4,내용 없음...,욕설 사용,직접적인 욕설 포함됨,0.95
코높은멸치님있음?,https://gall.dcinside.com/board/view/?id=baseball_new11&no=18438312&page=4,서웅......,일반글,직접적인 욕설 없음,1.00
윤두창이 그렇게 서폿 햇는데 50퍼 못 넘긴건 짜친다 정말,https://gall.dcinside.com/board/view/?id=baseball_new11&no=18438309&page=4,최약체 김문수 상대로 ㅉㅉ......,일반글,직접적인 욕설 없음,1.00
걍 보수는 이제 끝남.txt,https://gall.dcinside.com/board/view/?id=baseball_new11&no=18438308&page=4,틀딱 vs 스톤이 내갈 구도 형성되서 죽을때까지 여성단일화군집 꿀꺽한 선동의 귀재 민주당이 열심히 헤쳐먹을거임 .......,일반글,직접적인 욕설 없음,0.95
찢 뽑으면 나라 망한다 호들갑떠는 새끼들땜에 찢 찍음,https://gall.dcinside.com/board/view/?id=baseball_new11&no=18438307&page=4,진짜 망하나 궁금해서 ㅇㅇ......,일반글,직접적인 욕설 없음,1.00
솔직히 결과 상관없이,https://gall.dcinside.com/board/view/?id=baseball_new11&no=18438306&page=4,틀니들 지랄하는거 봐서 소신있게 얘 찍길 잘했다 ㅋㅋㅋㅋ......,욕설 사용,직접적인 욕설 포함됨,0.95
드디어 정신차린 국힘갤 근황....jpg,https://gall.dcinside.com/board/view/?id=baseball_new11&no=18438305&page=4,https://gall.dcinside.com/board/view/?id=baseball_new11&no=18437956&fcno=29141206 드디어 정신차린 국힘갤 근황....jpg......,일반글,직접적인 욕설 없음,1.00
결국 50퍼 못넘었네,https://gall.dcinside.com/board/view/?id=baseball_new11&no=18438304&page=4,자야지......,일반글,직접적인 욕설 없음,1.00
"이제보니 노봉법, 양곡법 그리 나쁜건 아닌듯",https://gall.dcinside.com/board/view/?id=baseball_new11&no=18438303&page=4,걍 잼카 만세 만세 만만세......,일반글,직접적인 욕설 없음,1.00
전라도선거  :한짤 요약,https://gall.dcinside.com/board/view/?id=baseball_new11&no=18438302&page=4,내용 없음...,일반글,내용 없음,1.00
여혐 <- 이거 하지말라니까?,https://gall.dcinside.com/board/view/?id=baseball_new11&no=18438301&page=4,않이 여기 디씨새끼들 말 들으면 안 된다니까?......,일반글,직접적인 욕설 없음,0.95
아니 그래도 재판은 계속 진행해야하는게 맞지않음??,https://gall.dcinside.com/board/view/?id=baseball_new11&no=18438300&page=5,이재명 지지자 절반도 재판진행하라하는데 - dc official App......,일반글,직접적인 욕설 없음,1.00
2찍 꼰대들보다 1찍 꼰대들이 더 힘든점,https://gall.dcinside.com/board/view/?id=baseball_new11&no=18438299&page=5,2찍은 그래도 본인이 약간 꼰대 같다는 인식은 하는데 1찍은 그냥 본인이 깨어있다고 생각하고 열려있다고 생각하면서 사람 깔봐서 진짜 죽탱이 날리고싶음......,욕설 사용,직접적인 욕설 포함됨,0.95
재매이 과반실패=합쳤으면 이겼다 성립=이준석 사형 ㅋㅋㅋㅋㅋㅋㅋㅋㅋㅋㅋㅋ,https://gall.dcinside.com/board/view/?id=baseball_new11&no=18438297&page=5,ㅋㅋㅋㅋㅋㅋㅋㅋㅋㅋㅋㅋㅋㅋㅋㅋㅋㅋㅋㅋㅋㅋㅋㅋㅋㅋㅋㅋ......,일반글,직접적인 욕설 없음,1.00
틀구이는 통정희 통통교를 믿는 사이비 집단임,https://gall.dcinside.com/board/view/?id=baseball_new11&no=18438296&page=5,통정희 =아시아 신흥국 대비 발전도 못함 온갖 삥땅질 우상화 블루팀이 사람 갈아넣으면서 6.25 겨우 38선 세미싸움 만들었는데 유신독재 김일성 짓거리 틀구이가 바라는건 제2의 통정희라 저딴짓하다가 늘 위헌-> 탄핵엔딩 맞음......,일반글,직접적인 욕설 없음,1.00
와 이럼 단일화 했으면 몰랐던거네,https://gall.dcinside.com/board/view/?id=baseball_new11&no=18438295&page=5,심상정 같은 케이스인가......,일반글,직접적인 욕설 없음,1.00
국힘은 왜케 정당이 매력이 없고 뭔가 울림이 없냐,https://gall.dcinside.com/board/view/?id=baseball_new11&no=18438294&page=5,출신들도 솔직히 책한권 쓰기 힘든 쓰레기들에 솔직하게 말해서 인터넷 디시 음모론 가세연급 음모론 기반으로 남 흠집내면서 남 빨갱이 만들고 정당한 근거없이 본인들 애국자 코스프레하는 행정가들 집단인데 이걸 개쌍도 지방에 근거뒀다고 매번 양당제 이용해서 파이 어느 정도 챙기는게 신기하네......,욕설 사용,직접적인 욕설 포함됨,0.95
이재명있는동안에는 태평성대일꺼임 그 다음이문제인거지,https://gall.dcinside.com/board/view/?id=baseball_new11&no=18438293&page=5,국채발행해서 돈풀때 많이벌어둬라 인플레이션 오기전에 튀면 그게 승리자임 어마어마한 돈의 파도가 올거다 자동차를팔던 폰을팔던 노점상을하던 붕어빵을팔던 모든수단을 동원해서 돈벌고 금/달러로 바꿔놔라 베네수엘라 보니깐 거래를 달러로하드만 - dc official App......,일반글,직접적인 욕설 없음,1.00
4% 차이 보고 잤는데,https://gall.dcinside.com/board/view/?id=baseball_new11&no=18438292&page=5,일어나보니 8% 차 ㅋㅋㅋㅋ......,일반글,직접적인 욕설 없음,1.00
에휴씨발,https://gall.dcinside.com/board/view/?id=baseball_new11&no=18438290&page=5,ㅋㅋ......,욕설 사용,직접적인 욕설 포함됨,1.00
형소법 뜯어고치고 + 5개 재판 올 스탑 !!!!!!,https://gall.dcinside.com/board/view/?id=baseball_new11&no=18438289&page=5,. 나라 개 좆망 확정 ㅇㅇ......,욕설 사용,직접적인 욕설 포함됨,0.95
아씨발 근데 김민석 국무총리가 말이되냐,https://gall.dcinside.com/board/view/?id=baseball_new11&no=18438288&page=5,무슨......,분석 최종 실패,최대 재시도 도달,0.00
걍 펨코나 새보갤 같은데 이준석이요 본인인증하고 수금돌리면,https://gall.dcinside.com/board/view/?id=baseball_new11&no=18438287&page=5,얼마쯤 모이려나 - dc official App......,일반글,직접적인 욕설 없음,1.00
지금 좆된건 이준석이 아니라 국민의힘이라니깐...,https://gall.dcinside.com/board/view/?id=baseball_new11&no=18438286&page=5,"이를테면 이준석은 일종의 ""옥새""같은거임 2030을 들고있는 옥새. 이준석이 당대표 시절: 대선,지선,보궐,총선 다 이김 윤석열 대통령 만들때도 지금 데이터보면 결국 이준석이 만든거임 그리고 이준석 쫓아낸 후 김기현, 한동훈이 보궐,총선 다 쳐발리고 민주당에 190석 내준것도, 오늘 대선에서 쳐발린것도, 결국 딱 이준석 파이만큼 모자라서 지는거임 이준석이 ...",욕설 사용,직접적인 욕설 포함됨,0.99
팩트)이재명이 당선된 이유.jpg,https://gall.dcinside.com/board/view/?id=baseball_new11&no=18438285&page=5,이새끼 노욕 때문에 공감하면 개추 ㅋㅋㅋㅋㅋ......,욕설 사용,직접적인 욕설 포함됨,0.95
법원 미친새끼들 대선이후로 일정잡은게 ㅋㅋㅋ,https://gall.dcinside.com/board/view/?id=baseball_new11&no=18438284&page=5,내용 없음...,일반글,내용에 직접적인 욕설 없음,1.00
득표율 보니 이번엔 조작 안했네ㅋㅋㅋㅋㅋㅋㅋㅋㅋㅋㅋㅋㅋㅋㅋ,https://gall.dcinside.com/board/view/?id=baseball_new11&no=18438283&page=5,ㅋㅋㅋㅋㅋㅋㅋㅋㅋㅋㅋㅋㅋㅋㅋㅋㅋㅋㅋㅋㅋㅋㅋㅋㅋㅋㅋㅋㅋㅋㅋ......,일반글,직접적인 욕설 없음,1.00
내란견들 지들이 내쫓아놓고 이제와서 지랄이노ㅋㅋㅋ,https://gall.dcinside.com/board/view/?id=baseball_new11&no=18438282&page=5,존나 한심함ㅋㅋ - dc official App......,욕설 사용,직접적인 욕설 포함됨,0.95
이준석 다시 데려와야 되는 이유,https://gall.dcinside.com/board/view/?id=baseball_new11&no=18438281&page=5,까놓고 말해서 이준석 싫어하는 2찍이 친윤말고 더있음? 윤석열 개 병신 호로새끼가 당 씹창내놨는데 이준석이 내부총질을 하건 싸가지가 없건 대체 뭔상관이노 난 쫒아낼때도 이해안됐음 윤어게인 하는 새끼들 데려갈거냐 이준석 데려갈거냐? 다시 모셔와서 3년뒤 총선부터 이겨야지 ㅇㅇ......,욕설 사용,직접적인 욕설 포함됨,0.95
이왕 이리 된 거 이재명이 2+4 표보다 높았으면 좋겠다,https://gall.dcinside.com/board/view/?id=baseball_new11&no=18438280&page=5,이준석이 단일화 안 해서 김문수 당선 못 했다는 틀딱새끼들 자가당착 빠져서 발작하는 꼴 좀 보게 ㅋㅋㅋㅋㅋㅋㅋㄴ......,욕설 사용,직접적인 욕설 포함됨,0.95
준표햄은 대구에서 한 것도 없이 런한 거 때문에 비호감임,https://gall.dcinside.com/board/view/?id=baseball_new11&no=18438279&page=5,ㅇㅇ......,일반글,직접적인 욕설 없음,1.00
단일화했음 50퍼먹히고 더좆됐을거같은데,https://gall.dcinside.com/board/view/?id=baseball_new11&no=18438278&page=5,그나마 50퍼 안주고 40유지한게 천운임 그냥 ㅋㅋ......,욕설 사용,직접적인 욕설 포함됨,0.95
근데 이젠 진짜 이대남 버리지 않을 이유가 없음,https://gall.dcinside.com/board/view/?id=baseball_new11&no=18438277&page=5,"투표율이 높으면 또 몰라 고작 60%면 그냥 갖다 버리고 여성, 4050 남성 표심 잡는 게 선거 이기는 전략임 4찍남들은 기집년들마냥 통계와 기싸움을 하려고 하기 때문에 대화가 안 통함......",욕설 사용,직접적인 욕설 포함됨,0.95
이재명 좆같긴한데 어쩌면 잘됐음,https://gall.dcinside.com/board/view/?id=baseball_new11&no=18438276&page=5,보수물갈이 해야지 ㄹㅇ......,욕설 사용,직접적인 욕설 포함됨,0.99
재판부가 2심 무죄+파기환송 미룬 거,https://gall.dcinside.com/board/view/?id=baseball_new11&no=18438275&page=5,이미 대세는 기울었다고 판단 끝난 거임 삼권분립같은 현실성 없는 소리 할 때가 존나 웃김......,욕설 사용,직접적인 욕설 포함됨,0.95
25만원 주겠지 안주면 내란이다,https://gall.dcinside.com/board/view/?id=baseball_new11&no=18438274&page=5,ㅋㅋㅋㅋ......,일반글,직접적인 욕설 없음,1.00
우울하내,https://gall.dcinside.com/board/view/?id=baseball_new11&no=18438273&page=5,잠에못들엇어난 - dc official App......,일반글,직접적인 욕설 없음,1.00
과반 넘으면 대통령 임기 연장됨?,https://gall.dcinside.com/board/view/?id=baseball_new11&no=18438272&page=5,정신승리 애잔하노 ㅋㅋ......,일반글,직접적인 욕설 없음,0.95
앞으로의 이준석 이미지 ㅋㅋ,https://gall.dcinside.com/board/view/?id=baseball_new11&no=18438271&page=5,- dc official App......,일반글,직접적인 욕설 없음,1.00
계엄 크리까지 터져놓고,https://gall.dcinside.com/board/view/?id=baseball_new11&no=18438270&page=5,국힘이랑 7퍼차이도 안나는 재매이햄 ㄹㅇ 대단하다......,분석 최종 실패,최대 재시도 도달,0.00
아 얘네 주작기 돌리네,https://gall.dcinside.com/board/view/?id=baseball_new11&no=18438269&page=5,그러니깐 서버가 계속 못버텼지......,일반글,직접적인 욕설 없음,1.00
와 씨발 ㅋㅋㅋㅋㅋㅋㅋㅋㅋㅋㅋ,https://gall.dcinside.com/board/view/?id=baseball_new11&no=18438267&page=5,이재명 당선으로 형소법 뜯어고치고 5개 재판 올 스탑ㅋㅋㅋㅋㅋㅋ 진짜 씨발 좆되긴 좆되는구나......,욕설 사용,"직접적인 욕설 포함됨 ('씨발', '좆되긴' 등)",0.99
노조도없는 회사다니는애들만 불쌍한거지 뭐 ㅋㅋ,https://gall.dcinside.com/board/view/?id=baseball_new11&no=18438266&page=5,아 노력을 안했으니 자업자득인가?......,일반글,직접적인 욕설 없음,1.00
이제 민주당이 150석으로 법안 발의하면 무조건 통과 되는거임???,https://gall.dcinside.com/board/view/?id=baseball_new11&no=18438264&page=5,ㅋㅋㅋㅋㅋㅋㅋㅋㅋㅋㅋㅋㅋㅋㅋㅋㅋㅋㅋㅋ......,일반글,직접적인 욕설 없음,1.00
와ㅋㅋ근데 딸랑3자구도에서 10퍼를 못하냐ㅋㅋㅋㅋㅋㅋㅋㅋㅋㅋㅋㅋㅋ,https://gall.dcinside.com/board/view/?id=baseball_new11&no=18438263&page=5,ㅅㅂㅋㅋㅋㅋㅋㅋㅋㅋㅋㅋㅋㅋㅋㅋㅋㅋㅋㅋㅋㅋㅋㅋㅋ......,욕설 사용,직접적인 욕설 포함됨 ('ㅅㅂ' 사용),0.99
단일화하면 먹튀하는게 일상인데 왜 단일화하겠음? ㅋㅋ,https://gall.dcinside.com/board/view/?id=baseball_new11&no=18438262&page=5,당상관없이 단일화하고나서 다 처참하게 내다버려지더마 ㅋ......,일반글,직접적인 욕설 없음,1.00
야수니 어때,https://gall.dcinside.com/board/view/?id=baseball_new11&no=18438261&page=5,- dc official App......,일반글,직접적인 욕설 없음,1.00
준서기 40억 누가갚냐 ㅋㅋ,https://gall.dcinside.com/board/view/?id=baseball_new11&no=18438260&page=5,내용 없음...,일반글,직접적인 욕설 없음,1.00
이재명은 계암구도에서 이전보다 100만표도 더 못먹엇네,https://gall.dcinside.com/board/view/?id=baseball_new11&no=18438259&page=5,ㄹㅇㅋㅋㅋㅋㅋㅋ......,일반글,직접적인 욕설 없음,1.00
걍 계엄만 없었어도,https://gall.dcinside.com/board/view/?id=baseball_new11&no=18438258&page=5,탄핵도 없고 이재명도 없고 대선도 없었음 - dc official App......,일반글,직접적인 욕설 없음,1.00
걍 지금 틀딱들 반응보면 4찍<- 한거 더 잘햇다는 생각드노,https://gall.dcinside.com/board/view/?id=baseball_new11&no=18438257&page=5,내용 없음...,일반글,직접적인 욕설 없음,1.00
이번 대선은 2030 남성들이 변수였네.jpg,https://gall.dcinside.com/board/view/?id=baseball_new11&no=18438256&page=5,"계엄 정당+약체 김문수+물가 폭망+내부 갈등 등 악재 터지고 30대 여성, 405060 세대들이 2022 대선보다 크게 좌로 쏠린 상황 근데 막상 투표 까보니 이재명 vs 김문수+이준석 비등한 수준에 공중파 대선 출구 조사가 처음으로 크게 틀렸다? 2030 남자들이 위기감 느끼고 결집했다는 의미인 듯......",일반글,직접적인 욕설 없음,1.00
25만원 안줄확률 높은데 1찍들만모름 ㅋㅋㅋ,https://gall.dcinside.com/board/view/?id=baseball_new11&no=18438255&page=5,니네 애미한테 1번뽑았으니 25만원 주라 하는게 더가능성있음......,욕설 사용,직접적인 욕설 포함됨,0.95
이재명 과반 실패 확정이네 ㅠㅠ,https://gall.dcinside.com/board/view/?id=baseball_new11&no=18438254&page=5,MBC가 팩트체크 해줌 남은 표 다 받아도 50 안된다네......,일반글,직접적인 욕설 없음,1.00
정치얘기 그만하고 야짤올려라 글 내용은 없다,https://gall.dcinside.com/board/view/?id=baseball_new11&no=18438253&page=5,구라야......,일반글,직접적인 욕설 없음,1.00
대선때문에 야순이도 관심 못받노,https://gall.dcinside.com/board/view/?id=baseball_new11&no=18438252&page=5,나라가문제지 한녀가문제냐 - dc official App......,일반글,직접적인 욕설 없음,1.00
지금 좆된건 이준석이 아니라 국민의힘이라니깐...,https://gall.dcinside.com/board/view/?id=baseball_new11&no=18438251&page=5,"이를테면 이준석은 일종의 ""옥새""같은거임 2030을 들고있는 옥새. 이준석이 당대표 시절: 대선,지선,보궐,총선 다 이김 윤석열 대통령 만들때도 지금 데이터보면 결국 이준석이 만든거임 그리고 이준석 쫓아낸 후 김기현, 한동훈이 보궐,총선 다 쳐발리고 민주당에 190석 내준것도, 오늘 대선에서 쳐발린것도, 결국 딱 이준석 파이만큼 모자라서 지는거임 이준석이 ...",욕설 사용,직접적인 욕설 포함됨,0.99
50못넘엇다 ㅋㅋㅋ 권영국표 빌려줄래 ㅋㅋㅋ?,https://gall.dcinside.com/board/view/?id=baseball_new11&no=18438250&page=5,ㅋㅋㅋㅋㅋ......,일반글,직접적인 욕설 없음,1.00
팩트)결국 김문수만 이득본거다,https://gall.dcinside.com/board/view/?id=baseball_new11&no=18438249&page=5,이재명은 50퍼 이상 달성 예상 출구조사도 51퍼 근데 까보니 오차 2퍼차이 근데 김문수는 40퍼만 넘기길 바랬는데 41퍼 졌잘싸 이준석은 10퍼 챙겨야해서 출구조사보다 선전해서 8퍼 넘겼지만 10퍼 실패 손해 - dc official App......,일반글,직접적인 욕설 없음,1.00
180석 이재명 총통 시대를 맞이하라,https://gall.dcinside.com/board/view/?id=baseball_new11&no=18438248&page=5,만만한 야준석이나 패라 ㅋ......,일반글,직접적인 욕설 없음,0.95
중국어 공부해야하나,https://gall.dcinside.com/board/view/?id=baseball_new11&no=18438247&page=5,쎄쎼 만 잘 하면 되려나......,일반글,직접적인 욕설 없음,1.00
중국어 공부해야하나,https://gall.dcinside.com/board/view/?id=baseball_new11&no=18438247&page=6,쎄쎼 만 잘 하면 되려나......,일반글,직접적인 욕설 없음,1.00
이대남 투표율: 군인끼고 60퍼ㅋㅋㅋㅋㅋㅋㅋ,https://gall.dcinside.com/board/view/?id=baseball_new11&no=18438246&page=6,"국힘은 진심 생각이 있으면 제발 이대남 쳐내라 진심이다 그 새끼들 붙어봐야 이준석에게 붙는데 어짜피 이준석은 다음 지선에 선거 개쳐망해서 정치생명 끝날거고 다음 총선에 절대 못붙고 그대로 원외인사행, 은퇴다 ㅇㅇ 이대남 이새끼들 영입하려고 이준석 영입한다 이지랄 하지 말고 걍 무시해라 진심이다. 영입해봤자 고작 60퍼따리, 그마저도 20퍼는 민주당뽑는데 의...",욕설 사용,'새끼' 등 직접적인 욕설 포함됨,0.95
이대남 투표율: 군인끼고 60퍼ㅋㅋㅋㅋㅋㅋㅋ,https://gall.dcinside.com/board/view/?id=baseball_new11&no=18438245&page=6,"국힘은 진심 생각이 있으면 제발 이대남 쳐내라 진심이다 그 새끼들 붙어봐야 이준석에게 붙는데 어짜피 이준석은 다음 지선에 선거 개쳐망해서 정치생명 끝날거고 다음 총선에 절대 못붙고 그대로 원외인사행, 은퇴다 ㅇㅇ 이대남 이새끼들 영입하려고 이준석 영입한다 이지랄 하지 말고 걍 무시해라 진심이다. 영입해봤자 고작 60퍼따리, 그마저도 20퍼는 민주당뽑는데 의...",욕설 사용,'새끼' 등 직접적인 욕설 포함됨,0.95
이대남 10명중 6명은 병신인거네,https://gall.dcinside.com/board/view/?id=baseball_new11&no=18438244&page=6,2명은 상병신 4명은 좆병신......,욕설 사용,직접적인 욕설 포함됨 ('좆병신') ,0.95
이대남 투표율: 군인끼고 60퍼ㅋㅋㅋㅋㅋㅋㅋ,https://gall.dcinside.com/board/view/?id=baseball_new11&no=18438243&page=6,"국힘은 진심 생각이 있으면 제발 이대남 쳐내라 진심이다 그 새끼들 붙어봐야 이준석에게 붙는데 어짜피 이준석은 다음 지선에 선거 개쳐망해서 정치생명 끝날거고 다음 총선에 절대 못붙고 그대로 원외인사행, 은퇴다 ㅇㅇ 이대남 이새끼들 영입하려고 이준석 영입한다 이지랄 하지 말고 걍 무시해라 진심이다. 영입해봤자 고작 60퍼따리, 그마저도 20퍼는 민주당뽑는데 의...",욕설 사용,'새끼' 등 직접적인 욕설 포함됨,0.95
우리나라 개표방식은 원래 시청률 때문에 초중반까지 무조건 박빙으로 만듦,https://gall.dcinside.com/board/view/?id=baseball_new11&no=18438242&page=6,이번에도 수도권 호남이 개표 제일 느리고 본투표부터 까고 나중에 사전 깠잖아......,일반글,직접적인 욕설 없음,1.00
이대남 투표율: 군인끼고 60퍼ㅋㅋㅋㅋㅋㅋㅋ,https://gall.dcinside.com/board/view/?id=baseball_new11&no=18438241&page=6,"국힘은 진심 생각이 있으면 제발 이대남 쳐내라 진심이다 그 새끼들 붙어봐야 이준석에게 붙는데 어짜피 이준석은 다음 지선에 선거 개쳐망해서 정치생명 끝날거고 다음 총선에 절대 못붙고 그대로 원외인사행, 은퇴다 ㅇㅇ 이대남 이새끼들 영입하려고 이준석 영입한다 이지랄 하지 말고 걍 무시해라 진심이다. 영입해봤자 고작 60퍼따리, 그마저도 20퍼는 민주당뽑는데 의...",욕설 사용,'새끼' 등 직접적인 욕설 포함됨,0.95
근데 이재명 아내분 고우시네,https://gall.dcinside.com/board/view/?id=baseball_new11&no=18438240&page=6,오늘은 밀프물로 한발 뺀다......,일반글,직접적인 욕설 없음,1.00
이대남 투표율: 군인끼고 60퍼ㅋㅋㅋㅋㅋㅋㅋ,https://gall.dcinside.com/board/view/?id=baseball_new11&no=18438239&page=6,"국힘은 진심 생각이 있으면 제발 이대남 쳐내라 진심이다 그 새끼들 붙어봐야 이준석에게 붙는데 어짜피 이준석은 다음 지선에 선거 개쳐망해서 정치생명 끝날거고 다음 총선에 절대 못붙고 그대로 원외인사행, 은퇴다 ㅇㅇ 이대남 이새끼들 영입하려고 이준석 영입한다 이지랄 하지 말고 걍 무시해라 진심이다. 영입해봤자 고작 60퍼따리, 그마저도 20퍼는 민주당뽑는데 의...",욕설 사용,'새끼' 등 직접적인 욕설 포함됨,0.95
이준석표가 오롯히 김문수표인줄 아는 ㅋㅋㅋ,https://gall.dcinside.com/board/view/?id=baseball_new11&no=18438238&page=6,게시글 내용 로드 실패: 404 Client Error: Not Found for url: https://gall.dcinside.com/board/view/?id=baseball_new11&no=18438238&page=6......,일반글,직접적인 욕설 없음,1.00
준석이는 제명된다 쳐도 내란 틀딱당 친윤 쌍권 감당됨?,https://gall.dcinside.com/board/view/?id=baseball_new11&no=18438237&page=6,난 앞이 깜깜하다 이제 후보도 없고 좆됐노 - dc official App......,욕설 사용,직접적인 욕설 포함됨,0.95
전과4범에 재판4개 마누라아들 다 전과자ㅋㅋ,https://gall.dcinside.com/board/view/?id=baseball_new11&no=18438236&page=6,ㅅㅂ 이런집안이 대통령 ㅅㅂㅋㅋ 민좆당이라도 전과없는 김부겸 같은놈이라면 이해라도 하지ㅋㅅㅂ 거기다 연예인들 음주운전은 잘도 매장시키면서ㅋㅋ 찢재명 ㅋㅋ - dc official App......,욕설 사용,'ㅅㅂ' 등 직접적인 욕설 포함됨,0.99
잼카 충성충성충성,https://gall.dcinside.com/board/view/?id=baseball_new11&no=18438235&page=6,3대남인데 대선 전에 야갤에 글 쌌던건 잊어주시고 앞으로 충빅한 잼카의 충견 3대남을 어여삐 여겨주십쇼 ㅠㅠ......,일반글,직접적인 욕설 없음,1.00
찢도 ㅈㄴ 웃기긴하네 ㅋㅋㅋㅋㅋㅋ,https://gall.dcinside.com/board/view/?id=baseball_new11&no=18438234&page=6,계엄 내란 치트키를 쓰고도 섹스톤이랑 국짐 표 합치면 진짜 엄대엄이네 ㅋㅋㅋㅋ 점마 싫어하는새끼들 ㅈㄴ 많노 ㅋㅋㅋㅋㅋ 앞으로 순탄치는 않을듯 ㅋㅋㅋ 푸틴마냥 개헌 때리는 거 아닌이상 ㅋㅋ......,욕설 사용,직접적인 욕설 포함됨,0.95
아니 이건 이대남탓이 맞다니깐?,https://gall.dcinside.com/board/view/?id=baseball_new11&no=18438233&page=6,50% 못 넘고 이대녀 삼대녀 절반밖에 못 빤거보면 답 안나옴?......,일반글,직접적인 욕설 없음,1.00
근데 사법부 이새끼들은 재판 진행할건지 멈출건지 왜 입장발표,https://gall.dcinside.com/board/view/?id=baseball_new11&no=18438232&page=6,안하는거냐 - dc official App......,욕설 사용,직접적인 욕설 포함됨: '새끼',0.95
아까 새보수당갤은 준스기 존나 팰거라고 해서,https://gall.dcinside.com/board/view/?id=baseball_new11&no=18438231&page=6,구경갔는데 패는건 문수네 ㅋㅋㅋ 틀딱새끼 또 구라쳤노 십새끼야 한녀랑 다를바가 없노 시발새끼들......,욕설 사용,"직접적인 욕설 포함됨 ('십새끼', '시발새끼' 등)",0.99
헐...이게 또 뜨네,https://gall.dcinside.com/board/view/?id=baseball_new11&no=18438230&page=6,- dc official App......,일반글,직접적인 욕설 없음,1.00
내란견들은 탓을 할게 아니라 자기반성을 해야하는데...,https://gall.dcinside.com/board/view/?id=baseball_new11&no=18438229&page=6,그걸 씨팔 10년째 절대 안하노... 진짜 언제까지 개병신 같을려고 그러는지 성장하는게 없네......,욕설 사용,"직접적인 욕설 포함됨 ('씨팔', '개병신' 등)",0.99
나이 4050먹고 진보라는말 하면 그렇지않냐?,https://gall.dcinside.com/board/view/?id=baseball_new11&no=18438228&page=6,너네가 통구이할래 이제?......,욕설 사용,직접적인 욕설 포함됨,0.95
김문수 당선보다 현 득표율이 더 짜증나는 페미들이면 개추 ㅋㅋ,https://gall.dcinside.com/board/view/?id=baseball_new11&no=18438227&page=6,ㅋㅋ......,욕설 사용,제목에 직접적인 욕설 포함됨 ('개추'),0.95
내가 만난 405060 민주당 지지 이유,https://gall.dcinside.com/board/view/?id=baseball_new11&no=18438226&page=6,지금까지 봐온 민주당 지지하는 틀딱들은 그냥 민주당 지지하는거임 저 나이대에는 민주당 지지하면 깨어있는 사람이라는 인식있어서 공약이든 토론이든 그런거 상관없이 지지함 - dc official App......,일반글,직접적인 욕설 없음,1.00
뭐 근데 객관적으로 보면 이대남한테 손해는 없음.,https://gall.dcinside.com/board/view/?id=baseball_new11&no=18438225&page=6,군대도 모병제에 준하는 구조로 간다 안했나. 왜냐하면 진보들도 남녀갈등의 가장 큰 원인이 군대문제라는걸 알기때문에 어떻게든 군대 부담을 줄이는 방향으로 간다는 거임. 공유지의 풀은 먼저먹는 사람이 임자임 이번기회에 다들 자기 권리 하나씩 챙겨가셈 ㅇㅇ......,일반글,직접적인 욕설 없음,1.00
지금 좆된건 이준석이 아니라 국민의힘이라니깐...,https://gall.dcinside.com/board/view/?id=baseball_new11&no=18438224&page=6,"이를테면 이준석은 일종의 ""옥새""같은거임 2030을 들고있는 옥새. 이준석이 당대표 시절: 대선,지선,보궐,총선 다 이김 윤석열 대통령 만들때도 지금 데이터보면 결국 이준석이 만든거임 그리고 이준석 쫓아낸 후 김기현, 한동훈이 보궐,총선 다 쳐발리고 민주당에 190석 내준것도, 오늘 대선에서 쳐발린것도, 결국 딱 이준석 파이만큼 모자라서 지는거임 이준석이 ...",욕설 사용,직접적인 욕설 포함됨,0.99
김문수가 윤석열 이김,https://gall.dcinside.com/board/view/?id=baseball_new11&no=18438222&page=6,윤석열 표에서 공평하게 이준석 표 빼면 김문수가 윤석열 이김......,일반글,직접적인 욕설 없음,1.00
여기 그래봤자 10~50대 아님? 6070도 있음?,https://gall.dcinside.com/board/view/?id=baseball_new11&no=18438220&page=6,대부분 2030 아님? 왜 근데 분위기가 이모양임? 4050은 찢 70퍼라 아가리 닥치고 있어야하고 6070은 없을거고 근데 왜 분위기가 이모양이지?......,일반글,직접적인 욕설 없음,1.00
4찍은 임무완료했음,https://gall.dcinside.com/board/view/?id=baseball_new11&no=18438219&page=6,국힘도 멸망하고 개혁신당도 멸망하고 미드오픈 했잖아......,일반글,직접적인 욕설 없음,1.00
페미들이 득표율로 긁혔다는게 뭔소리임,https://gall.dcinside.com/board/view/?id=baseball_new11&no=18438218&page=6,누구 득표율? 김문수?......,일반글,직접적인 욕설 없음,1.00
틀구이들) 이재명은 대통령 절대 안된다>>>>됨,https://gall.dcinside.com/board/view/?id=baseball_new11&no=18438217&page=6,이재명 대통령 되면 중국속국 된다>>>>안됨 걍 이 저능아새끼들 반대로 하면 다 맞음......,욕설 사용,직접적인 욕설 포함됨,0.95
이재명이 반대층한테도 지지받는 방법,https://gall.dcinside.com/board/view/?id=baseball_new11&no=18438215&page=6,윤석열 사형 문재인 사형......,일반글,직접적인 욕설 없음,1.00
어차피 이제부턴 모두 이재명 탓임,https://gall.dcinside.com/board/view/?id=baseball_new11&no=18438214&page=6,의원수도 과반인데 남탓 어캐함 ㅋㅋㅋㅋㅋㅋㅋㅋ 함 대가리 깨져보고도 이재명 지지할 지 궁금함 아! 내란후유증이 남아있었노!! 5년간 ㅈㄴ 우려먹을 듯......,분석 최종 실패,최대 재시도 도달,0.00
4찍은 진심으로 살자해라,https://gall.dcinside.com/board/view/?id=baseball_new11&no=18438213&page=6,공기가아깝노......,일반글,직접적인 욕설 없음,0.95
보수결집 무섭긴하다,https://gall.dcinside.com/board/view/?id=baseball_new11&no=18438212&page=6,샤이보수 막판에 몰려서 재매이 50% 못넘게 만드네......,일반글,직접적인 욕설 없음,1.00
홍준 표는 면상만 좀만잘생겼어도,https://gall.dcinside.com/board/view/?id=baseball_new11&no=18438211&page=6,대통령인대......,일반글,직접적인 욕설 없음,1.00
최종 득표율 보면 단일화했어도 이재명이 씹압승이엇네 결국,https://gall.dcinside.com/board/view/?id=baseball_new11&no=18438210&page=6,- dc official App......,욕설 사용,직접적인 욕설 포함됨,0.95
윤석열을 탓해 내란견 장애인새끼들아,https://gall.dcinside.com/board/view/?id=baseball_new11&no=18438209&page=6,ㄹㅇㅋㅋㅋㅋㅋㅋㅋ......,욕설 사용,직접적인 욕설 포함됨,0.99
지금 좆된건 이준석이 아니라 국민의힘이라니깐...,https://gall.dcinside.com/board/view/?id=baseball_new11&no=18438208&page=6,"이를테면 이준석은 일종의 ""옥새""같은거임 2030을 들고있는 옥새. 이준석이 당대표 시절: 대선,지선,보궐,총선 다 이김 윤석열 대통령 만들때도 지금 데이터보면 결국 이준석이 만든거임 그리고 이준석 쫓아낸 후 김기현, 한동훈이 보궐,총선 다 쳐발리고 민주당에 190석 내준것도, 오늘 대선에서 쳐발린것도, 결국 딱 이준석 파이만큼 모자라서 지는거임 이준석이 ...",욕설 사용,직접적인 욕설 포함됨,0.99
근데 이준석 없었으면,https://gall.dcinside.com/board/view/?id=baseball_new11&no=18438206&page=6,김문수 가능했냐?......,일반글,직접적인 욕설 없음,1.00
브르르브르르덕수핌 ㅋㅋㅋㅋㅋㅋㅋㅋㅋㅋㅋㅋㅋㅋㅋㅋ,https://gall.dcinside.com/board/view/?id=baseball_new11&no=18438204&page=6,내용 없음...,일반글,직접적인 욕설 없음,1.00
틀구이 <~ 그냥 종교선택을 우파로 했을 뿐임..,https://gall.dcinside.com/board/view/?id=baseball_new11&no=18438205&page=6,판단력도 기억력도 양심도 없음... 그저 이새기들이 처음 선택한 종교가 보수였을 뿐 좌빨이랑 다를게 없음.........,욕설 사용,직접적인 욕설 포함됨,0.95
이준석 욕하는 게 ㄹㅇ 어이없네 ㅅㅂㅋㅋ,https://gall.dcinside.com/board/view/?id=baseball_new11&no=18438203&page=6,아니 국힘을 욕하는 게 상식적으로 맞지 않음? 지들 당권 때문에 내친건데 왜 이제 와서 지랄ㅋㅋㅋ 진짜 상식이 안 통하는구나... 찢 지지자들과 동급 ㅇㅇ - dc official App......,욕설 사용,직접적인 욕설 포함됨 ('ㅅㅂ' 사용),0.95
단일화했으면 비볐겠네,https://gall.dcinside.com/board/view/?id=baseball_new11&no=18438202&page=6,이준석 ㅂㅅ - dc official App......,욕설 사용,직접적인 욕설 포함됨,0.95
면접여조 존나정확하네 이재명 49프로 존나많았는데,https://gall.dcinside.com/board/view/?id=baseball_new11&no=18438201&page=6,ㅇ......,일반글,직접적인 욕설 없음,1.00
좌빨사이트들 이재명 과반못넘어서 뿔남 ㅋㅋㅋㅋㅋㅋ,https://gall.dcinside.com/board/view/?id=baseball_new11&no=18438199&page=6,어 취임직후 경제말고 사법개혁해봐 바로 취임덕해줄께 ㅋㅋㅋ......,일반글,직접적인 욕설 없음,1.00
국힘이 정상적이라면 노동자를 위한 당이여야하는데,https://gall.dcinside.com/board/view/?id=baseball_new11&no=18438198&page=6,븅신새끼들이 그러면 기득권을 위한 정당인가? 그것도 아님 그냥 기업 회장 따까리하는 정당임 기업가한테 좀만 불리한법 싸그리 거부권 노동자한테 조금이라도 도움되는법 싸그리 거부권 전국민이 노동자인데 대체 누굴 위해 존재하는정당인지? spc사건도 단 한마디를 못함 spc회장 당장 구속시키고 회사 쪼개버려도 모자를판에 구속한다고 사망자 안없어져 이딴소리나 쳐하고...,욕설 사용,직접적인 욕설 포함됨,0.95
한동훈이나 오세훈이 나왔으면 이준석이 단일화해줬음ㅋㅋ,https://gall.dcinside.com/board/view/?id=baseball_new11&no=18438196&page=6,틀니의힘 지들이 내쫓아놓고 ㅈㄹ이노ㅋㅋㅋ - dc official App......,욕설 사용,직접적인 욕설 포함됨,0.95
노무현 선거때 집단 광기였음 선거내내,https://gall.dcinside.com/board/view/?id=baseball_new11&no=18438195&page=6,스타성 샤워하신 정육각형 정치인이 도장깨기를 하고 다녔음 그때부터 현 4050이 약간 정신이나가기 시작한듯......,일반글,직접적인 욕설 없음,1.00
내란견들 존나화났노 ㅋㅋㅋㅋㅋㅋㅋㅋㅋ,https://gall.dcinside.com/board/view/?id=baseball_new11&no=18438194&page=6,계엄도 자기들이하고 선거도 지들 역량부족으로 지고 지금 단일화 매달리던놈 내쫓은거도 지들이고 ㅋㅋㅋㅋㅋ 자기들이 모든걸 자처했음에도 여기저기 탓탓 ㅋㅋㅋㅋㅋㅋㅋㅋ - dc official App......,욕설 사용,직접적인 욕설 포함됨,0.95
찢매이 과반이 관심사인 이유 =이준석 사형vs무죄 판결 ㅋㅋ,https://gall.dcinside.com/board/view/?id=baseball_new11&no=18438193&page=6,ㅋㅋㅋ......,분석 최종 실패,최대 재시도 도달,0.00
근데 이대남탓맞잖아,https://gall.dcinside.com/board/view/?id=baseball_new11&no=18438192&page=6,왜 인정을못해 현실감각떨어지는 4찍새끼들아 - dc official App......,욕설 사용,직접적인 욕설 포함됨,0.95
이재명 과반만 안되면 성공한거,https://gall.dcinside.com/board/view/?id=baseball_new11&no=18438191&page=7,김문수가 당선 못한건 못한거고 김문수 40이상 이준석이 9가까이 나오고 이재명 50 못 넘으면 성공임 - dc official App......,일반글,직접적인 욕설 없음,1.00
